filename,rms,centroid,flatness,bandwidth,zcr,envelope,onset_density,ioi
segment_568.wav,0.025900472,1092.7117508926713,0.00017208341,2132.755986179349,0.013391555753598081,0.03393647,0.36666666666666664,134.9
segment_232.wav,0.08678047,1071.3449067636175,0.0001473615,2133.892541002606,0.011515212719882728,0.11363385,5.533333333333333,11.32121212121212
segment_554.wav,0.015716491,1143.0943446467318,0.00018730212,2156.8751432378735,0.013516489122468016,0.020364363,0.5,121.92857142857143
segment_540.wav,0.032003753,1517.6371669308387,0.000246138,2120.994012336645,0.04217568338552772,0.040307097,2.033333333333333,10.283333333333333
segment_226.wav,0.06348031,991.359543079007,0.000112660055,2053.8528052907245,0.010526937716551173,0.083355136,5.3,11.822784810126583
segment_597.wav,0.15460636,1094.3061877594546,0.00018498422,2179.4514292692406,0.0121102078891258,0.2013491,2.8666666666666667,21.31764705882353
segment_583.wav,0.04368112,1267.4241834230227,0.00022389858,2206.6470338433182,0.020307138276252665,0.056530222,0.9666666666666667,66.35714285714286
segment_018.wav,0.06514156,1147.5379918636436,0.00016206807,2180.5846998165234,0.013342883795309169,0.0847399,1.4,44.048780487804876
segment_030.wav,0.13608478,1067.7388929879294,0.00014750345,2163.862610995595,0.009774214169109808,0.17973055,1.5,41.45454545454545
segment_024.wav,0.03017111,1145.1476102591769,0.00014480595,2156.740255282675,0.014221321545175906,0.039500818,0.8333333333333334,74.54166666666667
segment_178.wav,0.018828183,1076.700720992557,0.00013599342,2080.0115762435303,0.012929822844482942,0.024242975,1.4333333333333333,40.80952380952381
segment_622.wav,0.12531129,1158.530493405907,0.00020548384,2230.6266410202356,0.012326498783981876,0.16427381,0.5666666666666667,97.0625
segment_144.wav,0.015801912,1168.583151139988,0.0002099227,2208.5536098555253,0.013553969133128998,0.020407664,0.7666666666666667,68.5909090909091
segment_150.wav,0.14298236,1139.3183802025617,0.00015571807,2200.3730925186687,0.011227605693630065,0.18803738,3.2,19.357894736842105
segment_636.wav,0.15869768,1070.3047048503738,0.00014806188,2151.7637980724357,0.010534485774253732,0.20894112,1.8666666666666667,33.472727272727276
segment_187.wav,0.14737508,1039.9811964691723,0.00010963692,2095.598670892385,0.01099517757196162,0.19357939,3.2,19.6
segment_193.wav,0.018694965,1172.3535581846893,0.00017020675,2185.47921270802,0.015505011910314498,0.023959875,3.1,20.26086956521739
segment_408.wav,0.15697959,940.0582631005315,0.00011016141,2042.355730709306,0.009251836520522388,0.20581388,9.733333333333333,6.40893470790378
segment_346.wav,0.053313702,1287.5587658385211,0.00019993506,2280.2577076480766,0.017189269889392324,0.06930875,1.7333333333333334,34.64705882352941
segment_420.wav,0.10833943,996.3692351156684,0.00013313447,2098.5370792777658,0.009643034131796376,0.1418971,5.9,10.619318181818182
segment_434.wav,0.022865634,1257.0540204856507,0.00017191021,2167.015073186307,0.01947763276252665,0.029956896,1.6333333333333333,36.166666666666664
segment_352.wav,0.14786713,1081.8525612448395,0.00014244113,2144.788971297927,0.010724488606076759,0.19482672,1.3666666666666667,46.7
segment_385.wav,0.13029772,926.3813154252057,0.000113724134,2002.6264260364983,0.009499100479744137,0.17084037,11.933333333333334,5.238095238095238
segment_391.wav,0.09985928,900.587934920855,0.00010711729,1981.3320538585808,0.008487660747601279,0.13174853,10.466666666666667,5.9712460063897765
segment_390.wav,0.08897118,905.4608306133615,0.00010677025,1976.8713829440783,0.009047258128997867,0.11713972,11.533333333333333,5.417391304347826
segment_384.wav,0.0683706,956.5106535245836,0.00012915816,2043.6912371487902,0.009169328441497867,0.090324186,11.733333333333333,5.3247863247863245
segment_435.wav,0.015472943,1453.827780712646,0.00025514144,2205.222368157561,0.031547757862473345,0.019392082,1.4666666666666666,43.02325581395349
segment_353.wav,0.026759516,1421.9744446283034,0.00022934361,2231.0156158139785,0.02845461587153518,0.034308806,2.3666666666666667,26.428571428571427
segment_347.wav,0.0732324,1103.1865740847911,0.00017316606,2167.1441071654517,0.011695324993336887,0.09634073,3.033333333333333,20.744444444444444
segment_421.wav,0.1881927,1154.8721364094272,0.00019992261,2251.0880752610983,0.012316608225613007,0.2458055,3.6333333333333333,17.25
segment_409.wav,0.15310763,893.0369254050713,9.8754164e-05,1987.48976305948,0.008399166277985074,0.20135131,9.533333333333333,6.56140350877193
segment_192.wav,0.05537183,1458.037818408176,0.000251414,2254.6974903694563,0.03006885910847548,0.07094861,2.5,17.824324324324323
segment_186.wav,0.07988056,865.9072969548663,8.118736e-05,1976.520419225169,0.007127708971881663,0.10563277,1.9666666666666666,30.53448275862069
segment_151.wav,0.16187115,1057.72064144384,0.00014460838,2157.9258340506885,0.01017139817097548,0.21304402,2.0,30.8135593220339
segment_637.wav,0.15694527,1066.8051233219428,0.00013666801,2149.4988169048274,0.010576650786247335,0.20634408,3.466666666666667,18.106796116504853
segment_623.wav,0.019286884,1402.850637482471,0.00025020927,2216.262301444444,0.03010946245335821,0.02435176,1.6666666666666667,38.204081632653065
segment_145.wav,0.015187485,1099.2700593676716,0.0001679945,2193.9143118183474,0.01062662413379531,0.019768668,0.23333333333333334,234.16666666666666
segment_179.wav,0.1537659,1001.6681348373118,0.00011869382,2063.8728823085135,0.010830681969616205,0.20218103,3.6,17.39252336448598
segment_025.wav,0.021270707,1545.8361818929257,0.00023800446,2363.7234652455477,0.026525436433901917,0.027234498,1.5333333333333334,40.977777777777774
segment_031.wav,0.030166447,1301.1798033547386,0.00021557354,2217.4897286320966,0.020149149620202558,0.03898281,2.3,27.102941176470587
segment_019.wav,0.030092001,1239.095992656295,0.00016555174,2205.0122633468186,0.01756302888459488,0.03898062,2.966666666666667,20.329545454545453
segment_582.wav,0.014953254,1126.1347264121753,0.00021027512,2225.4086706166663,0.011691160547707889,0.019408526,0.06666666666666667,18.0
segment_596.wav,0.07265384,1018.1811597078682,0.0001388769,2088.334178956828,0.010513142990405117,0.09556872,1.5,42.38636363636363
segment_541.wav,0.07082032,981.6918167652826,0.00014702464,2028.8819690061591,0.011189084571561835,0.09256518,7.666666666666667,8.11353711790393
segment_227.wav,0.06585532,1011.8917233752314,0.00014136973,2066.4073800703195,0.011600323577425372,0.08627841,3.966666666666667,15.805084745762711
segment_233.wav,0.06590473,1159.1348966605296,0.00015237118,2157.8710336323484,0.015482628015058635,0.08582242,3.6333333333333333,16.15740740740741
segment_555.wav,0.0125614805,1356.3451027180831,0.0002580052,2260.8545754654665,0.020618170309168442,0.016042039,0.5333333333333333,82.66666666666667
segment_569.wav,0.055237945,1525.4445461582031,0.00021536369,2189.6330782368905,0.03707007304437633,0.07008001,2.3333333333333335,14.507246376811594
segment_219.wav,0.13868906,1051.1514155806292,0.0001303189,2111.90286950744,0.010272385977478678,0.1828957,2.066666666666667,26.34426229508197
segment_225.wav,0.07569768,1061.8860745655818,0.00013254739,2146.11643583072,0.010865819479610874,0.09957512,6.866666666666666,9.102439024390243
segment_543.wav,0.038199596,1184.4376493751658,0.00020433847,2136.6458799967077,0.019350096615138593,0.04918173,0.7,93.5
segment_557.wav,0.020734057,1375.0929894277033,0.0002385873,2207.8930503277493,0.026648287579957356,0.026325906,1.4333333333333333,28.738095238095237
segment_231.wav,0.0756466,980.9029731083922,0.00010307148,2020.2575235287516,0.010719283049040513,0.099109046,4.333333333333333,14.209302325581396
segment_580.wav,0.035631906,1501.6222396877024,0.00026056598,2264.5329430536167,0.033874381579824094,0.044942543,1.7666666666666666,35.82692307692308
segment_594.wav,0.040644135,1107.3889388783252,0.00015756638,2101.066631314721,0.015215843216950959,0.053063516,0.8333333333333334,63.083333333333336
segment_027.wav,0.17482318,1215.309923359588,0.00020972417,2291.3839683615033,0.012703381113406183,0.23013127,1.2333333333333334,50.25
segment_033.wav,0.025751153,1629.681687971719,0.00026546573,2202.282235903268,0.04207157224480277,0.032326814,2.5,24.675675675675677
segment_609.wav,0.055537716,1549.3774331992022,0.0002286109,2202.3689759294452,0.03911976112739872,0.07036066,2.3,27.058823529411764
segment_635.wav,0.07347826,1261.5030207439443,0.00015850656,2119.9004809446346,0.021099944612873133,0.09630459,2.3,27.205882352941178
segment_153.wav,0.041779853,1145.9973165477718,0.00016485382,2193.527550544466,0.012977453691364606,0.054645613,3.2,19.210526315789473
segment_147.wav,0.05725123,1233.4996216736827,0.00018968245,2200.645471155206,0.01648860191231343,0.07395652,1.2666666666666666,42.67567567567568
segment_621.wav,0.16241615,1187.1377258841253,0.00021317588,2241.105126173724,0.0133519935201226,0.21219487,2.566666666666667,24.394736842105264
segment_190.wav,0.1825287,1033.1403240257237,0.00014186776,2128.201311994046,0.01070262526652452,0.23822746,5.766666666666667,10.837209302325581
segment_184.wav,0.1575779,1064.1603211701804,0.00013248676,2123.2711132130858,0.011506102995069297,0.20677823,1.6666666666666667,37.63265306122449
segment_379.wav,0.1373239,1033.4051879855485,0.00014756639,2134.893128389223,0.01031533182302772,0.18047124,11.466666666666667,5.431486880466473
segment_351.wav,0.075586185,1242.0475325571902,0.00022484099,2269.414785397737,0.015990690381796374,0.09827299,1.7333333333333334,35.90196078431372
segment_437.wav,0.051837638,1231.1477567632135,0.00020364641,2254.114841044801,0.01519814432302772,0.06742697,3.0,21.02247191011236
segment_423.wav,0.16675067,1081.6703190310964,0.000166377,2178.4814273843162,0.011266647371401919,0.2182627,1.9666666666666666,32.258620689655174
segment_345.wav,0.04272111,1256.3897775959085,0.000205154,2205.4678290206925,0.019536455557036248,0.055395946,1.7,25.98
segment_392.wav,0.057028227,935.1134554680566,0.00011224485,2021.2880307180455,0.009424140458422174,0.07444896,11.7,5.328571428571428
segment_386.wav,0.083430775,1017.9672424123086,0.0001409974,2115.7152645780266,0.010056355360474414,0.1097053,8.533333333333333,7.337254901960784
segment_387.wav,0.14859428,876.8170845654078,8.817205e-05,1978.3053548811156,0.008005365888192964,0.194601,12.2,5.123287671232877
segment_393.wav,0.14114936,889.8417215399933,0.0001044823,1984.02676785406,0.008256013459488273,0.1866566,10.266666666666667,6.074918566775244
segment_422.wav,0.18612377,1165.115099557629,0.00019430659,2255.6591000996086,0.012133112340085288,0.24342093,1.7,36.36
segment_344.wav,0.07855344,1213.0166233755463,0.00018789186,2123.6528980432972,0.01981521313632729,0.10204495,2.1333333333333333,28.555555555555557
segment_350.wav,0.03773842,1178.746325574352,0.00019297194,2224.416888157153,0.013882439782116205,0.049518988,2.966666666666667,21.15909090909091
segment_436.wav,0.043985218,1259.3877684185607,0.00020317051,2231.716726996243,0.016663768906583155,0.056990705,1.2333333333333334,51.611111111111114
segment_378.wav,0.050489593,943.9763034976178,0.00012139295,2031.1420319358747,0.008941585321162047,0.066885605,1.6333333333333333,38.8125
segment_185.wav,0.07266016,953.1211051759167,0.0001081332,2040.8647175861506,0.008731280816897655,0.09596331,5.833333333333333,10.74712643678161
segment_191.wav,0.032756448,1194.557038339308,0.00018731262,2226.1887526319315,0.014081031783049041,0.04319709,4.933333333333334,12.625850340136054
segment_146.wav,0.072927184,1284.5948031075159,0.00022304367,2262.2766802708725,0.01661665861540512,0.09546412,2.4,25.309859154929576
segment_620.wav,0.13555808,1157.1805412217689,0.00020379375,2236.0277019805367,0.01240380130597015,0.17685719,0.3,233.25
segment_634.wav,0.027123408,1186.5366526021744,0.00017762808,2093.688292398235,0.02048126415911514,0.035152607,1.3666666666666667,46.625
segment_152.wav,0.04445396,1146.9426511648478,0.0001815681,2156.0878179542547,0.014157032915778252,0.058300648,3.8,16.52212389380531
segment_608.wav,0.15255477,1164.418976766097,0.00018659538,2201.906794142001,0.014170567364072495,0.19857185,0.6666666666666666,97.47368421052632
segment_032.wav,0.02068246,1820.8410514837462,0.00030903184,2270.2845473687316,0.05351078383195629,0.025855917,3.066666666666667,20.10989010989011
segment_026.wav,0.022050178,1161.736960878474,0.000161849,2154.191173555321,0.014085977062233475,0.029006436,1.4,41.46341463414634
segment_595.wav,0.011919324,1241.093362653155,0.00018701513,2202.1570590014444,0.01943468691697761,0.015145538,0.9,34.80769230769231
segment_581.wav,0.05327945,1893.6918209829269,0.00034087108,2290.5040138094273,0.05966583447161514,0.06603027,3.1666666666666665,19.80851063829787
segment_556.wav,0.14435858,1054.0377029656738,0.00016767127,2127.4391360687787,0.01104463036380597,0.18995042,5.066666666666666,12.178807947019868
segment_230.wav,0.064564936,1048.9838858446606,0.00015376457,2109.303878169088,0.011455609091817698,0.0847211,4.4,14.198473282442748
segment_224.wav,0.06947784,1020.6962052286468,0.00011908191,2108.37325179791,0.009982957006263326,0.091304734,2.0,31.47457627118644
segment_542.wav,0.13869302,1018.1144963418752,0.00015103367,2089.360621768306,0.01095561533848614,0.1821449,2.933333333333333,21.39080459770115
segment_218.wav,0.061329085,1134.696758407623,0.0001554122,2168.50137198039,0.012709367503997867,0.08046071,1.9333333333333333,32.50877192982456
segment_546.wav,0.1866577,1021.4966073947677,0.00013535493,2101.8135553985967,0.009945476995602345,0.24589176,7.166666666666667,8.69158878504673
segment_220.wav,0.17440565,1156.3674443437792,0.000210521,2232.6053893008866,0.012434253814632196,0.22868983,9.833333333333334,6.333333333333333
segment_234.wav,0.0536907,1035.1190277995406,0.00013386822,2104.7272183423893,0.010215124850079957,0.07079067,2.3666666666666667,26.242857142857144
segment_552.wav,0.133029,1023.3538542896455,0.00015162914,2106.169667086702,0.010723707772521322,0.1750292,10.133333333333333,6.161716171617162
segment_208.wav,0.059969276,2206.9980837014496,0.00042299085,2332.2234117051016,0.07316748775652986,0.074465804,4.933333333333334,12.70748299319728
segment_585.wav,0.022535142,1082.4581088955513,0.00016828338,2071.3441418272164,0.015497724130463752,0.029179864,0.2,267.2
segment_591.wav,0.05083496,1605.1571510560073,0.0002566016,2226.2570495099385,0.041496878748001065,0.064075425,2.7666666666666666,20.317073170731707
segment_022.wav,0.068497986,1099.2580711379146,0.00014982512,2145.352587915473,0.012184126799040513,0.08959314,1.3666666666666667,44.2
segment_036.wav,0.024951536,1436.4354546389418,0.00019995602,2192.727132989729,0.030720594849413647,0.031694442,1.8,34.75471698113208
segment_156.wav,0.067034245,1108.8589320127198,0.00015516342,2100.369435640866,0.014606793043710022,0.08701472,2.3333333333333335,22.869565217391305
segment_630.wav,0.016058683,1203.9813383438166,0.00021172281,2207.5421202819216,0.018191599896721748,0.020819165,0.7333333333333333,77.95238095238095
segment_624.wav,0.028943336,1521.2233639623307,0.00027509747,2217.9141083919335,0.03783685159581557,0.03656207,2.3,27.16176470588235
segment_142.wav,0.058122296,1545.0271448679007,0.00024937032,2320.1911354362924,0.027185501066098083,0.075001806,3.7,16.30909090909091
segment_618.wav,0.067632064,1210.60830012041,0.0001947028,2123.6586392171585,0.020017709305037313,0.0879173,1.4666666666666666,30.302325581395348
segment_195.wav,0.17261884,1159.7736652328608,0.00017372516,2194.141270236425,0.014509449127132196,0.2255634,4.333333333333333,14.279069767441861
segment_181.wav,0.08129888,1024.391526287559,0.0001487943,2105.450126325885,0.01024739930370469,0.1064262,7.933333333333334,7.8734177215189876
segment_432.wav,0.059537575,2020.4274975869919,0.00025703484,2131.1752485037678,0.07013238772654584,0.07486462,3.466666666666667,18.106796116504853
segment_354.wav,0.05427104,1721.4559217073597,0.0003224256,2299.5363873602364,0.04514831673107676,0.06869065,3.6666666666666665,16.477064220183486
segment_340.wav,0.04075304,1326.894545409319,0.00024148564,2213.907826389919,0.023928904584221748,0.05280353,0.7,70.8
segment_426.wav,0.075796016,1049.2068019260817,0.00014249569,2151.2894811158453,0.009719035264525586,0.09996294,1.9333333333333333,32.68421052631579
segment_368.wav,0.04085854,1019.3264059842558,0.00016101486,2103.4073789782215,0.010188836787046908,0.054316606,3.3666666666666667,18.59
segment_397.wav,0.22717425,1157.491866591318,0.00021123045,2252.3361704694094,0.011657844982675906,0.29844916,12.4,5.037735849056604
segment_383.wav,0.015501921,927.2024665529824,0.00012405361,1997.291391976204,0.00988327058901919,0.02028789,0.23333333333333334,222.16666666666666
segment_382.wav,0.081928,971.5060239463645,0.00013299928,2041.0195003499866,0.010377798507462687,0.10689044,5.3,11.791139240506329
segment_396.wav,0.18848607,1049.8550498376403,0.00016833787,2136.3869380945225,0.010783831956289978,0.24697398,12.033333333333333,5.188888888888889
segment_369.wav,0.13626657,1033.2242001049456,0.00016665267,2111.5896297539957,0.010580294676172709,0.1793585,7.7,8.126086956521739
segment_341.wav,0.123548366,1240.8869020436186,0.00021918905,2229.1297367770376,0.015757221148720683,0.16107003,1.5666666666666667,32.71739130434783
segment_427.wav,0.17575148,1014.3972209836232,0.00012836278,2113.8165141506897,0.009432729627531984,0.23138593,1.8333333333333333,33.7962962962963
segment_433.wav,0.048146807,1788.776018162805,0.00024587588,2109.162782245021,0.05243869936034115,0.060758606,4.766666666666667,13.028169014084508
segment_355.wav,0.014063396,1327.0052724269806,0.00021618443,2217.680908348713,0.022262605776918975,0.017897736,0.8,80.21739130434783
segment_180.wav,0.079838246,1106.4883850174417,0.000126616,2133.9107717612537,0.012279648770655651,0.104841985,1.0666666666666667,59.83870967741935
segment_194.wav,0.18292034,1147.7082207647622,0.00018240201,2197.092965059641,0.014231212103544777,0.23766288,2.6333333333333333,22.615384615384617
segment_619.wav,0.06183807,1307.9065035443757,0.00024540568,2248.7914927558677,0.020839666761060766,0.0802241,1.2,49.82857142857143
segment_625.wav,0.04538173,1162.4372099081559,0.00015495736,2110.3165156177997,0.017684838919243072,0.058539294,1.6,36.234042553191486
segment_143.wav,0.13246949,1419.4614027260068,0.00023998597,2283.0904575625727,0.021987492087553306,0.17216992,5.933333333333334,10.542372881355933
segment_157.wav,0.10755491,1135.335391128033,0.00018138322,2164.8468947750657,0.01397431786380597,0.13973063,7.133333333333334,8.784037558685446
segment_631.wav,0.17008145,1038.0416001800868,0.0001393129,2126.9949384549227,0.010411634628198295,0.22417139,2.466666666666667,25.506849315068493
segment_037.wav,0.07178488,1567.6427797918027,0.0002272148,2482.437332647171,0.02698873101012793,0.09329849,1.1666666666666667,54.8235294117647
segment_023.wav,0.07035248,1125.241491071864,0.00014275147,2093.3712666404213,0.015069827342084221,0.09255059,2.033333333333333,27.266666666666666
segment_590.wav,0.0560388,2093.0409214193164,0.00036405178,2258.88771988186,0.07237624308702026,0.06786949,4.466666666666667,12.31578947368421
segment_584.wav,0.055011254,1932.2161740352387,0.00031220037,2269.2547111989834,0.05870046391924307,0.06849744,3.933333333333333,15.923076923076923
segment_209.wav,0.06207272,2535.3920021422055,0.000517953,2405.9165872252947,0.09270940914845416,0.076496,6.4,9.780104712041885
segment_235.wav,0.09759375,1055.3397394239723,0.00015908158,2121.495652088644,0.01074869444629531,0.128636,6.2,10.05945945945946
segment_553.wav,0.1410182,1100.7231748913514,0.00017333285,2147.456421605263,0.013438666044776119,0.18459044,6.3,9.936170212765957
segment_547.wav,0.04382814,2011.4553029916958,0.00032771257,2224.0572329129513,0.06665793868270256,0.05419743,4.366666666666666,10.9
segment_221.wav,0.18865146,1143.6615630799522,0.000200568,2221.1179053411975,0.011819477528651387,0.24762802,4.9,12.773972602739725
segment_551.wav,0.19925229,1097.2315128909952,0.00017218177,2176.766613541816,0.01180776502531983,0.25981545,7.333333333333333,8.538812785388128
segment_237.wav,0.0787124,1066.3305673545713,0.00014196378,2131.6614533205197,0.011256496535181237,0.1032592,2.966666666666667,21.068181818181817
segment_223.wav,0.08535262,1095.9178079771175,0.0001546016,2181.2866265663747,0.010720584438299574,0.11217441,0.8666666666666667,73.76
segment_545.wav,0.052918293,1492.6189293527389,0.00024131198,2193.7893034210765,0.033006094666178036,0.06837333,2.1,25.193548387096776
segment_579.wav,0.050965745,1735.4162797881613,0.00029431147,2263.393218424652,0.04599031558168976,0.06385908,3.1333333333333333,18.225806451612904
segment_592.wav,0.019510487,1235.6507335628887,0.00023097427,2207.9851027735076,0.01761742695562367,0.02535234,0.8,80.3913043478261
segment_586.wav,0.06838839,1126.818662572859,0.00015439834,2114.1236595483824,0.015594807769189766,0.089368924,1.1333333333333333,56.666666666666664
segment_035.wav,0.1629543,996.06539398763,0.000114760114,1945.4882472101629,0.014710643906583156,0.21113391,3.3333333333333335,18.7979797979798
segment_021.wav,0.060807876,1104.848419908099,0.00015829665,2159.7686238821757,0.011707037496668444,0.0791303,1.0,55.86206896551724
segment_009.wav,0.031920202,959.378830302949,0.00010374438,1930.1657647895483,0.01230723822294776,0.04179777,1.4666666666666666,40.41860465116279
segment_141.wav,0.0297993,1401.985541895274,0.00016284641,2141.2264577458573,0.02879531957955757,0.037765782,3.033333333333333,20.122222222222224
segment_627.wav,0.025408855,1613.5184550141037,0.00021305839,2260.320702281078,0.033819462953091683,0.030189915,2.7333333333333334,22.14814814814815
segment_633.wav,0.05706917,1799.0660869050732,0.00028555476,2210.2550806564986,0.0489944425473081,0.073984124,4.933333333333334,12.680272108843537
segment_155.wav,0.08389169,1134.0094883866834,0.00014184837,2172.52723274308,0.013698423340884862,0.10877361,6.933333333333334,9.014492753623188
segment_169.wav,0.052262522,933.2471244212223,0.00010313624,1997.890984034551,0.009210712619936034,0.06851498,1.5,40.90909090909091
segment_182.wav,0.15006326,1017.0076404687671,0.00012940052,2130.1499079237856,0.009707062483342218,0.1959316,8.166666666666666,7.614754098360656
segment_196.wav,0.17247292,1059.156771212889,0.00015639854,2138.126539714353,0.011300223214285714,0.2252638,1.2333333333333334,51.666666666666664
segment_425.wav,0.104313314,989.3375655346143,0.00012718671,2062.5448933529306,0.010103986207356077,0.13649347,2.3666666666666667,26.6
segment_343.wav,0.09719135,1295.860707547916,0.00024167534,2244.8195739610046,0.019411782466018122,0.12673293,2.033333333333333,29.316666666666666
segment_357.wav,0.040946946,1453.1191942721778,0.00015710802,2137.675886029155,0.030436371435234543,0.052289534,1.7666666666666666,26.865384615384617
segment_431.wav,0.021818466,1051.0220261217457,0.00015144025,2057.4538875583767,0.014005811483875266,0.028342152,0.8333333333333334,77.45833333333333
segment_419.wav,0.07143874,948.866268868078,0.000113539245,2059.0408168855774,0.008671156633128998,0.09429087,8.733333333333333,7.160919540229885
segment_380.wav,0.14928354,1007.051790546161,0.00014215839,2089.4331632496996,0.01026041319629531,0.1961563,7.9,7.8940677966101696
segment_394.wav,0.13307862,1040.642617432245,0.00016228146,2129.4377180552474,0.010914751715751599,0.17493384,9.433333333333334,6.602836879432624
segment_395.wav,0.110636,1015.3373938698763,0.00014447355,2110.5657626449397,0.009946257829157782,0.14567201,10.166666666666666,6.157894736842105
segment_381.wav,0.1695692,999.8136375908778,0.0001365114,2099.420468637034,0.009941052272121536,0.22184256,11.533333333333333,5.414492753623189
segment_418.wav,0.16410512,1023.4392940124283,0.00014016918,2138.0044950190936,0.009901229760794243,0.21498857,6.566666666666666,9.510204081632653
segment_356.wav,0.04333511,3544.205135918852,0.0008342381,2581.518216916895,0.16832402926772388,0.053298987,2.1,29.903225806451612
segment_430.wav,0.082503095,1114.3980743868717,0.00018798542,2193.1678477117434,0.011690639992004264,0.108013615,2.3666666666666667,26.642857142857142
segment_424.wav,0.13141622,1006.4382673732056,0.00013301428,2096.4853822036685,0.009386660447761194,0.17292479,2.2666666666666666,26.53731343283582
segment_342.wav,0.08997655,1377.9748727789772,0.0002831742,2297.727482147195,0.021537731959621536,0.117004365,1.5333333333333334,39.44444444444444
segment_197.wav,0.09355549,1080.0284076068879,0.00015771193,2152.620742408971,0.011907451442563966,0.12256021,0.16666666666666666,369.0
segment_183.wav,0.09635525,953.8557658363213,0.000105260675,2022.554645158417,0.009060272021588486,0.12765068,3.966666666666667,15.73728813559322
segment_168.wav,0.049350355,946.6473262641382,0.00012619674,2022.1032365953429,0.009435852961753732,0.06425792,0.9333333333333333,64.51851851851852
segment_632.wav,0.051714916,1102.202532480887,0.00014004369,2095.4526641327398,0.013690094449626865,0.06792754,1.9666666666666666,31.74137931034483
segment_154.wav,0.042700738,1229.6653209836336,0.00016791832,2178.364676937595,0.019561442230810234,0.055207647,4.133333333333334,15.1869918699187
segment_140.wav,0.040840577,1692.3570524975637,0.00016635927,2060.7108931266043,0.04940307877465352,0.051498275,3.4,18.08910891089109
segment_626.wav,0.015976446,1616.4856921745977,0.00027337135,2360.5047894043314,0.029542577292110874,0.020062633,2.3333333333333335,26.231884057971016
segment_008.wav,0.13042644,977.2594900217418,0.00011563972,1964.6187254057643,0.013101345948827291,0.16969073,4.0,15.344537815126051
segment_020.wav,0.0454416,1413.1793237799902,0.00017388762,2199.2171832524496,0.025572298940565032,0.05843768,4.666666666666667,13.194244604316546
segment_034.wav,0.020743027,1251.4976860173374,0.00015919536,2056.7344872505732,0.024547585037979745,0.026344052,1.5,37.95454545454545
segment_587.wav,0.04634078,1240.3338966902381,0.0001974672,2156.991242353726,0.022201961037446694,0.05975371,0.9666666666666667,62.535714285714285
segment_593.wav,0.04638764,1507.654502525037,0.00026837282,2241.6271849916743,0.033815298507462684,0.058479037,2.1333333333333333,20.126984126984127
segment_578.wav,0.044854145,2172.5534923242417,0.00037471304,2312.9341277249987,0.07375285264525587,0.054787025,4.366666666666666,12.823076923076924
segment_222.wav,0.069708884,1262.0614975818362,0.0001974234,2243.286183881535,0.017287394639525586,0.09056284,1.4666666666666666,40.883720930232556
segment_544.wav,0.024828661,1255.8906620576931,0.00021142726,2121.07122301706,0.024957782932436032,0.0318644,1.0333333333333334,47.13333333333333
segment_550.wav,0.05346752,2044.5727186140598,0.00033942718,2258.4026819361166,0.06749577308768656,0.06606893,4.533333333333333,13.6
segment_236.wav,0.065930374,1033.3547525607203,0.00013953344,2099.386290689911,0.010157343166977612,0.0875568,1.6,39.276595744680854
segment_279.wav,0.041128416,1918.1766831320672,0.00027489042,2204.002847495239,0.0590187837320096,0.051909395,3.3666666666666667,18.52
segment_537.wav,0.023590615,1126.8750677645107,0.00015769314,2124.056075992296,0.013776246418576759,0.030580351,1.1333333333333333,56.15151515151515
segment_251.wav,0.07065638,1109.632631065141,0.0001933006,2148.971972377125,0.013050591767723881,0.09255878,4.9,12.780821917808218
segment_245.wav,0.08817932,1158.1894326275833,0.00019157621,2209.4143930956934,0.013045906766391257,0.11574718,2.6333333333333333,23.871794871794872
segment_523.wav,0.034856725,1118.7578837035694,0.00012841467,2008.7706298193534,0.018206956289978676,0.04492975,1.5333333333333334,40.0
segment_292.wav,0.16545701,1088.71036395663,0.00013144412,2126.8875253693304,0.012758820295842218,0.21638127,1.8,34.18867924528302
segment_286.wav,0.070080504,981.6382838031711,0.00011905324,2049.1610373162116,0.010380661563832622,0.09157751,1.7666666666666666,35.86538461538461
segment_053.wav,0.13052636,937.6722431670232,9.474686e-05,2015.285227925589,0.00898583255597015,0.17113104,1.6,38.61702127659574
segment_047.wav,0.041311268,1018.5895983715315,9.1021044e-05,1914.7702411214168,0.014857700892857142,0.05331537,1.1666666666666667,53.55882352941177
segment_090.wav,0.081013285,859.2811316964078,6.875603e-05,1807.7804876960306,0.010812722797841151,0.10696811,0.5,88.21428571428571
segment_084.wav,0.07983221,944.2139955873645,6.776106e-05,1733.8504709149895,0.016653357792510662,0.10397657,1.3,42.81578947368421
segment_127.wav,0.11585521,1155.2110573702264,8.4997904e-05,1716.819221188284,0.030689361507196162,0.14576429,5.4,11.559006211180124
segment_641.wav,0.14249751,947.6937632262236,0.00010988751,2064.3183887541013,0.00867141691098081,0.18785425,11.566666666666666,5.410404624277457
segment_133.wav,0.044856194,1505.9111627635364,9.7394644e-05,2137.016526828512,0.03293607992404051,0.05644749,2.533333333333333,24.546666666666667
segment_319.wav,0.17009883,1214.2035534401407,0.00018419306,2191.9693987613273,0.016255392957089554,0.22261816,1.9333333333333333,31.68421052631579
segment_443.wav,0.1182626,1234.5477911432304,0.00018965124,2248.6243906596674,0.015024799273720682,0.15400557,2.2,28.076923076923077
segment_325.wav,0.18260421,1029.1478785217835,0.00012812563,2074.246253057114,0.011899382829157782,0.23732755,3.7333333333333334,16.62162162162162
segment_331.wav,0.071178325,1209.301157639619,0.0002251624,2244.807595833139,0.014656506113406183,0.09294008,4.8,13.027972027972028
segment_457.wav,0.17680132,1122.5014748198394,0.00018157242,2225.679003951301,0.011663050539712153,0.23088789,8.166666666666666,7.647540983606557
segment_480.wav,0.098667786,948.6187251026421,0.00012169538,2010.4467608783764,0.009836160297841151,0.1300433,5.2,12.0
segment_494.wav,0.08950173,932.3207298579084,0.0001054914,2016.694147981271,0.00905506646455224,0.118072055,3.966666666666667,15.85593220338983
segment_495.wav,0.085679345,1032.5909027696555,0.00013760591,2104.292518904502,0.01035411322294776,0.11218728,1.2,53.142857142857146
segment_481.wav,0.15484223,1134.0106900437916,0.00018979437,2199.9642081153597,0.012523789395655651,0.20185912,6.733333333333333,9.278606965174129
segment_330.wav,0.105543524,1055.8581577984185,0.00016230701,2122.722647969411,0.010868161980277185,0.13855639,2.6666666666666665,23.60759493670886
segment_456.wav,0.075679265,1164.1726892597835,0.00016951284,2195.7876431444793,0.014392844649520255,0.09797265,2.7333333333333334,23.02469135802469
segment_442.wav,0.07910745,1144.2124864468597,0.00015509421,2148.416991593827,0.013280156833022388,0.10427581,2.3666666666666667,26.442857142857143
segment_324.wav,0.04684899,1106.0630591621332,0.00017027753,2136.638161505517,0.012966782299440299,0.061172757,3.533333333333333,17.6
segment_318.wav,0.077132374,1551.5440702264057,0.00030132555,2333.198863366578,0.030255478328224946,0.1003073,3.533333333333333,16.38095238095238
segment_132.wav,0.08536119,1140.905046066512,8.681784e-05,1871.7561658827378,0.02435263692697228,0.11060062,5.033333333333333,12.426666666666666
segment_126.wav,0.10073231,1453.8559885469508,0.00012855808,2016.4817716683865,0.03667679321028785,0.1291114,5.633333333333334,11.095238095238095
segment_640.wav,0.1109977,970.0854050869546,0.000113692906,2063.8871593800377,0.008962407549307036,0.14637889,4.733333333333333,13.24113475177305
segment_085.wav,0.05985106,1004.3088953289608,7.805497e-05,1794.3356981295462,0.01649719108142324,0.0780948,1.2,53.31428571428572
segment_091.wav,0.03675028,985.3626393650181,8.511388e-05,1868.682292713513,0.015029223997201493,0.047553226,0.9666666666666667,66.42857142857143
segment_046.wav,0.039380234,1026.1585662695527,9.774496e-05,1934.509358491945,0.015103923740671642,0.051214837,2.466666666666667,24.958904109589042
segment_052.wav,0.12003698,918.1811637792462,8.718905e-05,2004.2167664491085,0.008082147854477612,0.15956914,1.7666666666666666,35.34615384615385
segment_287.wav,0.06772165,870.1254411248283,8.833616e-05,1937.8183996212106,0.007830979727478678,0.089010864,4.766666666666667,13.04225352112676
segment_293.wav,0.11131577,953.476089240894,0.00011032284,2008.4269161712032,0.009815077791844349,0.14617732,1.5,40.88636363636363
segment_244.wav,0.02844251,1206.7398064340348,0.00020647935,2259.4786529086286,0.01395453674706823,0.037131265,1.9333333333333333,32.666666666666664
segment_522.wav,0.102971256,885.8724910299547,8.0427475e-05,1935.4092019010116,0.009090724530250532,0.13489601,4.9,12.801369863013699
segment_536.wav,0.062268548,1615.811107494895,0.00031244635,2216.957392061555,0.041615565448427504,0.07957153,2.2,27.93846153846154
segment_250.wav,0.15898971,1189.356857673346,0.00020883292,2224.796178214476,0.014368118253598081,0.20879163,3.2333333333333334,19.208333333333332
segment_278.wav,0.09319575,957.7267998819896,0.00011670837,2002.792127548158,0.010628446078757996,0.12181194,1.5333333333333334,41.15555555555556
segment_508.wav,0.07376494,1002.1890793604235,0.00012270254,2031.1117142464395,0.011435567697228146,0.096455514,2.8333333333333335,22.13095238095238
segment_520.wav,0.082600854,866.5017990865231,7.969465e-05,1907.0950849254646,0.008586826609141791,0.1085898,6.433333333333334,9.734375
segment_246.wav,0.05831142,1461.403750345381,0.00024761131,2352.826464992706,0.02285369677838486,0.07611996,1.4,45.048780487804876
segment_252.wav,0.15733959,1117.261208150165,0.00017085546,2161.245136826066,0.013000358142324094,0.2063176,1.2666666666666666,50.108108108108105
segment_534.wav,0.045818336,1604.7573430016114,0.00022797768,2196.0484196910083,0.039720742687233475,0.058598716,2.566666666666667,24.526315789473685
segment_285.wav,0.059800163,938.781281640014,0.00010599857,2015.6405820202065,0.008739609708155651,0.07871765,5.166666666666667,12.103896103896103
segment_291.wav,0.14615493,1023.7153160690779,0.00011543394,2098.761340589815,0.010201850679637527,0.1915462,2.2666666666666666,27.746268656716417
segment_078.wav,0.14110117,972.9748281636608,9.265804e-05,1962.434760380439,0.011661749150453092,0.1842464,2.6666666666666665,23.481012658227847
segment_044.wav,0.031523768,1208.1042262151736,0.00012831343,2068.323771757963,0.02185136677105544,0.04031121,1.3666666666666667,42.3
segment_050.wav,0.057027522,830.7880612224471,4.751565e-05,1709.1765170375893,0.011542541894323027,0.07445691,3.7,16.672727272727272
segment_087.wav,0.023014044,1110.4981021703388,0.00012442624,1984.575145091726,0.01745527385394456,0.029582184,1.3666666666666667,45.4
segment_093.wav,0.025334727,1240.8873973538755,0.00014136391,2077.1933302934412,0.021376880247201493,0.03231971,2.1666666666666665,27.75
segment_118.wav,0.08007251,1155.4330608739194,0.000101919926,1902.4291311600703,0.023328964135794245,0.102825716,4.9,12.780821917808218
segment_130.wav,0.08807331,969.355814355017,6.8328096e-05,1652.050873235098,0.02419542910447761,0.11274334,5.2,11.987096774193548
segment_642.wav,0.015835302,971.7520444893269,0.00010854815,2003.2100452956693,0.010450936583821962,0.020508058,0.43333333333333335,122.66666666666667
segment_124.wav,0.1037923,1082.919398334557,8.190555e-05,1683.6141813532415,0.027711002048907248,0.13192834,3.8333333333333335,16.37719298245614
segment_468.wav,0.060624003,1136.3255723075238,0.00014757708,2177.3095140647347,0.012989947028251599,0.079364255,4.866666666666666,12.862068965517242
segment_454.wav,0.18780918,1124.7478135742792,0.00019100714,2199.268154484642,0.012347841567830491,0.24447186,4.333333333333333,14.457364341085272
segment_332.wav,0.020992797,1050.4395785251554,0.00016680134,2102.352097429701,0.011766380846881664,0.027363481,1.6,39.744680851063826
segment_326.wav,0.08475133,1006.5210056873069,0.00013439586,2002.9329464989908,0.012799163362873135,0.11056531,2.433333333333333,25.02777777777778
segment_440.wav,0.114761434,1149.0028792879841,0.00018544229,2147.227247800149,0.014592477761860342,0.14951782,3.2333333333333334,19.395833333333332
segment_497.wav,0.116405606,986.2256852126274,0.00011415956,2045.9629444834607,0.010634953025053306,0.15211572,4.6,13.613138686131387
segment_483.wav,0.09171918,895.1218070205674,0.000105518586,1988.6468952442717,0.008200053721348613,0.12103386,8.633333333333333,7.244186046511628
segment_482.wav,0.20150581,1142.6786245776582,0.00018891972,2199.5905188321317,0.01328926655783582,0.26236778,2.466666666666667,24.383561643835616
segment_496.wav,0.06218949,1188.0832981364424,0.00014984298,2160.4631952821023,0.0159154700826226,0.08169116,1.7333333333333334,36.254901960784316
segment_327.wav,0.06983941,1083.1915036878404,0.00013879673,2091.0884479539855,0.012902753947894457,0.09177465,6.733333333333333,9.288557213930348
segment_441.wav,0.10992319,1065.2370847046075,0.00015142624,2152.59568081286,0.01102484924706823,0.1442135,3.4,18.316831683168317
segment_455.wav,0.16059558,1131.6051709005533,0.00017781572,2218.5977036057516,0.0119165611673774,0.2097869,3.6333333333333333,17.074074074074073
segment_333.wav,0.09668445,1065.1926883915278,0.00015223946,2112.086690958634,0.01206517982076226,0.12653871,2.0,31.593220338983052
segment_469.wav,0.0951538,1117.3758967600256,0.00013787081,2174.705763241968,0.01242045908848614,0.124230266,6.166666666666667,10.141304347826088
segment_643.wav,0.043916672,1200.5273727594158,0.00014248907,2047.653446539789,0.019654881979610874,0.057216004,1.9333333333333333,23.964912280701753
segment_125.wav,0.040663045,1164.6489222614077,9.569164e-05,1745.424742229032,0.030402795592350745,0.05152443,6.466666666666667,9.658031088082902
segment_131.wav,0.1132921,1041.2060639543017,8.495367e-05,1871.3878035413927,0.01822907990738273,0.14613096,4.033333333333333,15.233333333333333
segment_119.wav,0.081581496,1180.1932409455815,0.00010112048,1818.7175064569524,0.028682879547574626,0.10436538,4.433333333333334,13.765151515151516
segment_092.wav,0.031146668,1111.5728274316323,0.000108689645,1879.0391091156137,0.022056986273987205,0.039840154,1.7666666666666666,35.40384615384615
segment_086.wav,0.018521516,1036.1771396775457,0.00012332087,1938.5072540115616,0.016812387559968018,0.023841875,0.6666666666666666,96.57894736842105
segment_051.wav,0.038099226,799.6840688009657,7.15615e-05,1813.0046663762632,0.007876788629397655,0.050303787,3.533333333333333,17.295238095238094
segment_045.wav,0.036825623,1011.3289883784382,9.1573296e-05,1874.050453439909,0.017242106293310234,0.047607373,2.566666666666667,24.57894736842105
segment_079.wav,0.11459387,946.2080256565713,0.00010262329,2043.0810819617848,0.008845282515991471,0.15078849,5.4,11.608695652173912
segment_290.wav,0.1013155,1026.9270603103198,0.00012432082,2093.8634394202077,0.010867641424573561,0.1327807,4.9,12.808219178082192
segment_284.wav,0.06778108,868.2618105503484,7.890558e-05,1933.3205714460057,0.008049613123001067,0.089153685,3.0,21.02247191011236
segment_253.wav,0.10906532,1128.8171875738074,0.00017436645,2152.4330251781757,0.013791342533981876,0.14240386,1.6666666666666667,37.91836734693877
segment_535.wav,0.026551316,1972.7596435759933,0.00028237782,2246.1170851236307,0.05961716251332622,0.033812553,3.7666666666666666,15.883928571428571
segment_521.wav,0.060021438,1053.1760897223594,0.00013070364,2039.2372194205009,0.013548243020389126,0.07843412,1.2666666666666666,50.351351351351354
segment_247.wav,0.10446751,1021.7127877743984,0.00013245757,2110.511101975998,0.010187275119936034,0.13732219,1.6,33.02127659574468
segment_509.wav,0.14818847,1167.7199677279862,0.00019118596,2158.3109594824177,0.014631259161780383,0.19328234,2.4,26.295774647887324
segment_243.wav,0.13007294,1063.3618276954105,0.0001302568,2087.670886500014,0.011928273670708955,0.17109658,3.2333333333333334,19.447916666666668
segment_525.wav,0.05945345,1183.78022530199,0.00014842139,2144.6329910142367,0.015517765525053306,0.07762851,0.9666666666666667,65.46428571428571
segment_531.wav,0.03863841,970.9340694932084,0.000108229295,1937.631675203677,0.013681245002665245,0.05096514,4.433333333333334,14.151515151515152
segment_257.wav,0.11735865,1144.271115035758,0.0001798907,2180.5034879332475,0.015027402052238806,0.15246542,3.6,17.30841121495327
segment_519.wav,0.021942867,1152.5432297310283,0.00012448698,2013.68918761756,0.01865046974946695,0.028101264,1.4666666666666666,40.325581395348834
segment_280.wav,0.052626204,1604.617222616817,0.00016476618,1922.3792869166996,0.0501162400886194,0.06645206,5.1,12.256578947368421
segment_294.wav,0.10045694,955.9945283458427,9.97523e-05,2044.1947885220618,0.00946656574826759,0.13146605,1.7666666666666666,35.92307692307692
segment_041.wav,0.079384975,855.9578860601036,8.575627e-05,1801.784607453888,0.011546446062100214,0.10510508,2.9,21.325581395348838
segment_055.wav,0.031688463,1102.736296272061,0.0001444507,2162.984574472937,0.012351745735607676,0.041500058,1.0666666666666667,57.16129032258065
segment_069.wav,0.029349541,874.9906407668105,9.421235e-05,1925.3665030379218,0.008777089718816631,0.038311608,3.7333333333333334,16.756756756756758
segment_082.wav,0.078648284,888.6415166243511,8.062245e-05,1845.567858011578,0.01149881521521855,0.10272431,1.8666666666666667,31.29090909090909
segment_096.wav,0.09936903,901.5311375507524,8.541109e-05,1876.4008221930837,0.011910835054637527,0.1301488,7.6,8.233480176211454
segment_135.wav,0.12041662,1002.5382398280615,0.00012075372,1978.7702751849106,0.013331691847681237,0.15683909,4.666666666666667,13.39568345323741
segment_121.wav,0.074813046,1345.6747781036984,0.00015595958,1831.7912563459763,0.03437619727811834,0.09654028,4.833333333333333,12.916666666666666
segment_109.wav,0.059311766,1445.945284620403,9.821358e-05,1849.2774386334604,0.04571181828025053,0.074407406,3.2333333333333334,19.25
segment_337.wav,0.025345076,1065.573707184837,0.00017862042,2061.147993210407,0.013212484591551173,0.033454407,1.5333333333333334,37.51111111111111
segment_451.wav,0.065966815,1118.5719464073284,0.00016617781,2185.072963665912,0.01186268365205224,0.086060315,2.2,28.369230769230768
segment_445.wav,0.030244565,1365.5200934724264,0.00016068599,2113.746517132295,0.026113416594482942,0.03911616,1.6333333333333333,38.958333333333336
segment_323.wav,0.052127782,1279.4632638505884,0.00020058968,2218.3819483908615,0.018642921691764392,0.0681523,1.7333333333333334,34.705882352941174
segment_479.wav,0.13002618,1054.7778278083797,0.00014647986,2108.953870663592,0.011596939965351813,0.17056485,1.2,50.628571428571426
segment_492.wav,0.11297391,1163.6668390529394,0.00016021563,2202.640376995872,0.013230704041178038,0.1469044,0.8333333333333334,77.41666666666667
segment_486.wav,0.12309338,1110.2622160471187,0.00017002014,2175.5857035791705,0.012431651036114072,0.16092065,4.2,14.92
segment_487.wav,0.065212466,1040.860275136531,0.00013828844,2109.913209186234,0.010556869669509595,0.08600227,2.433333333333333,25.819444444444443
segment_493.wav,0.070725314,1054.9925219981658,0.00014905405,2111.699242998839,0.01133275794576226,0.09240768,7.8,7.991416309012876
segment_478.wav,0.0913674,1312.909565561999,0.00023967422,2268.7848865713195,0.01974884228411514,0.11866897,3.466666666666667,17.776699029126213
segment_444.wav,0.023262924,1288.743906359785,0.00021730787,2266.6043630834006,0.01788603369869403,0.03010952,2.6,24.064935064935064
segment_322.wav,0.023000095,2059.717357004298,0.00039867638,2341.2960932644223,0.07007798965551706,0.029232044,3.466666666666667,17.533980582524272
segment_336.wav,0.08255198,1069.0078612663685,0.00017818234,2118.0950218009934,0.012593283582089552,0.10802621,3.1666666666666665,19.78723404255319
segment_450.wav,0.20735638,1214.9723410982774,0.00020996625,2260.169936979231,0.014001907316098081,0.2700786,1.2666666666666666,48.2972972972973
segment_108.wav,0.047547273,1578.3165038594288,0.00018008344,1999.5596746474089,0.04606293310234542,0.059689164,2.7666666666666666,22.048780487804876
segment_120.wav,0.086792864,1115.6545196710597,8.4729036e-05,1689.7156801601782,0.028554042010927504,0.11262266,4.066666666666666,15.438016528925619
segment_134.wav,0.09865078,991.7520891198631,9.642302e-05,1984.5419893524652,0.01123489347348081,0.12895966,2.7333333333333334,22.901234567901234
segment_097.wav,0.03806697,928.9920861738491,0.00011028613,1942.5539557397587,0.011183879014525586,0.050210696,5.666666666666667,11.053254437869823
segment_083.wav,0.033764426,983.3022721792696,9.868586e-05,1906.7776416770275,0.013734341684434968,0.044034142,1.5333333333333334,40.111111111111114
segment_068.wav,0.13221583,906.2643488455386,9.193913e-05,1998.6006693319025,0.00840957739205757,0.17436545,2.7,23.175
segment_054.wav,0.051822357,917.3666550141797,8.700596e-05,1962.5222373455367,0.00881326834021855,0.068383396,0.6,99.0
segment_040.wav,0.03878202,1308.197441816999,0.00017605112,2077.070889729948,0.0267354806603145,0.050049286,2.8,21.57831325301205
segment_295.wav,0.09909012,1113.5431594743204,0.00013989372,2166.6460039854496,0.01169011943630064,0.1306722,2.933333333333333,21.20689655172414
segment_281.wav,0.0626799,1636.7158908048027,0.00016105695,1973.7921992916824,0.048037140608342216,0.079738274,4.6,13.518248175182482
segment_518.wav,0.047739346,1084.6126356184313,0.000106883344,2016.099078952214,0.014978990371801705,0.06200985,2.7,22.8375
segment_530.wav,0.04109631,963.1289216656305,9.57427e-05,1964.7990484688985,0.011785381130063966,0.053607825,4.8,13.041958041958042
segment_256.wav,0.0972218,1050.6364940356007,0.00014604525,2111.840013007786,0.011509486607142858,0.12753828,2.2666666666666666,27.29850746268657
segment_242.wav,0.023225674,1322.0510937759093,0.00019405213,2077.291913298456,0.02965970232542644,0.030469133,1.5333333333333334,37.955555555555556
segment_524.wav,0.03611805,952.5831651444823,0.000112449365,1961.7951484584157,0.010732557219482942,0.047323707,1.1666666666666667,53.411764705882355
segment_254.wav,0.07622022,1092.408921128397,0.00015552925,2064.692906237621,0.014100552621934968,0.09983438,9.933333333333334,6.296296296296297
segment_532.wav,0.028519304,1111.1798408325258,0.00013974354,2072.434568560423,0.014577381646455223,0.037102573,1.4666666666666666,42.13953488372093
segment_526.wav,0.14319426,1117.5899581209205,0.00014170178,2117.4406363310454,0.014970921758395522,0.18535951,4.966666666666667,12.08108108108108
segment_240.wav,0.07007733,1102.2377821633881,0.00015569845,2160.072299397644,0.012002973414179104,0.09214618,3.566666666666667,17.537735849056602
segment_268.wav,0.1792173,1224.722327053924,0.00020091099,2270.2458671103927,0.01477154892390725,0.23363616,5.166666666666667,12.136363636363637
segment_297.wav,0.08350592,959.9449946858795,0.00012501316,2028.8789413063996,0.009617526902318763,0.11049286,2.033333333333333,30.866666666666667
segment_283.wav,0.027703326,1197.0187541773143,0.00012709848,2003.2128581377885,0.021746735074626867,0.035958983,1.6666666666666667,22.408163265306122
segment_056.wav,0.08189897,922.1871932715611,9.272757e-05,1992.200368245634,0.008993380613672709,0.10830187,1.9666666666666666,31.24137931034483
segment_042.wav,0.04490562,1005.0867041343582,0.00010194985,1940.8019913208968,0.014288473230943496,0.058255803,1.0,52.51724137931034
segment_095.wav,0.18213025,910.2975911375328,9.466592e-05,1911.0149356061177,0.011560501066098081,0.23779804,5.933333333333334,10.548022598870057
segment_081.wav,0.045543328,914.9355970988197,9.35611e-05,1966.5256507072884,0.00927083680370469,0.059965868,0.5666666666666667,106.25
segment_122.wav,0.03213205,1104.4676288482985,8.815979e-05,1751.898284431159,0.025914564315698295,0.041351363,2.966666666666667,21.022727272727273
segment_136.wav,0.17176467,1005.0755369532003,0.00011997888,1978.9794328450002,0.01331451350946162,0.22319946,5.6,11.203592814371257
segment_320.wav,0.06267207,1108.298846766714,0.0001439459,2104.600331897911,0.013665888609408315,0.082014,4.1,15.295081967213115
segment_446.wav,0.0665818,1142.4435745102014,0.00017073726,2163.8561337897518,0.014563326642457356,0.08669718,0.9,71.8076923076923
segment_452.wav,0.11305123,1271.4663510385628,0.00020994793,2205.693540036637,0.01870877198827292,0.1478228,2.566666666666667,24.144736842105264
segment_334.wav,0.06415182,1112.5504193943766,0.00016845249,2139.507304734209,0.013211183202292111,0.08335437,3.2,19.53684210526316
segment_308.wav,0.06293912,1464.3270437893866,0.00024283663,2274.894945401539,0.0258010831723081,0.08212026,3.033333333333333,20.2
segment_485.wav,0.043985117,1087.9381390537137,0.00014672357,2145.5316741355505,0.011338484058502133,0.05774716,2.6666666666666665,23.354430379746834
segment_491.wav,0.15703353,1131.0954566141872,0.0001664249,2175.6154324140725,0.01355527052238806,0.20400444,3.9,16.094827586206897
segment_490.wav,0.047804784,1132.5024806712274,0.0001407177,2142.359185820543,0.01386213810967484,0.062290978,1.4,43.58536585365854
segment_484.wav,0.058847956,1016.4844992321987,0.00014654727,2094.470784119854,0.010725269439632196,0.0772581,6.4,9.75392670157068
segment_309.wav,0.09711113,1343.6494856544934,0.00019355668,2199.702944478913,0.023312566631130065,0.12714852,3.3333333333333335,18.696969696969695
segment_453.wav,0.060228836,1209.2563484326351,0.00017151523,2140.890533764927,0.019286068263592752,0.077953525,2.066666666666667,29.295081967213115
segment_335.wav,0.040035233,1111.1725710598002,0.00017366877,2146.9287666446644,0.01340795325826226,0.052045394,1.6,39.38297872340426
segment_321.wav,0.047103394,1357.3960092892112,0.00021222686,2237.308245247791,0.021901860674307036,0.061250985,1.9,33.25
segment_447.wav,0.18551914,1147.628390786285,0.00016020083,2205.0655740417537,0.013016235091284648,0.24237332,3.1333333333333333,19.827956989247312
segment_137.wav,0.16769882,998.0306875488886,0.00012935614,1986.2325096900367,0.012928781733075692,0.2178842,5.433333333333334,11.506172839506172
segment_123.wav,0.05917626,1152.7142996631924,0.0001030329,1864.2374224990413,0.02461968200293177,0.07535312,3.566666666666667,17.57547169811321
segment_080.wav,0.12405493,817.175159560787,7.056481e-05,1899.3288416844723,0.0071938195462420045,0.16462111,5.166666666666667,11.993506493506494
segment_094.wav,0.1315755,1145.1282137477137,0.0001449917,2097.2364636618686,0.017185886277318763,0.17086935,2.1333333333333333,29.46031746031746
segment_043.wav,0.03992805,981.6661251360505,9.409674e-05,1962.2392691043492,0.012048261760394457,0.05231681,1.6333333333333333,38.708333333333336
segment_057.wav,0.14327918,985.0614674221296,0.000118097676,2039.1820544203433,0.010874668926572495,0.18760137,3.1666666666666665,19.872340425531913
segment_282.wav,0.06691438,1057.8529447815101,6.7442015e-05,1743.3888066185648,0.022398470815565032,0.086972944,5.6,11.203592814371257
segment_296.wav,0.050083704,1081.34761882716,0.00016712488,2149.113030415865,0.011446499367004264,0.065402925,2.2,28.584615384615386
segment_269.wav,0.081552126,1121.89564829692,0.00013129656,2190.551234844297,0.01263701026119403,0.10652924,3.1,20.23913043478261
segment_527.wav,0.03272012,1045.3178777886724,0.0001191537,2063.9774408832527,0.012951165628331556,0.04291997,6.366666666666666,9.852631578947369
segment_241.wav,0.029875608,983.1677150431518,0.0001375023,1998.9463120402231,0.012055549540245203,0.038669344,1.0333333333333334,62.0
segment_255.wav,0.045142017,1189.419311931647,0.00018176649,2176.867454882681,0.015027662330090619,0.059032433,1.9,31.767857142857142
segment_533.wav,0.038451627,973.6245259963524,0.00011869244,1962.864417120047,0.010973314232409381,0.051145833,2.066666666666667,28.60655737704918
segment_258.wav,0.10480828,1015.7751665649163,0.00012021099,2055.604670588419,0.011864245319163113,0.13691625,3.5,17.96153846153846
segment_516.wav,0.17019862,982.0467054096856,0.000109376226,2005.4231584066413,0.011270551539179104,0.22268127,4.233333333333333,14.833333333333334
segment_270.wav,0.105554834,991.7777224637198,0.00010379982,2052.8794494617237,0.010064163696028784,0.13854685,2.533333333333333,24.386666666666667
segment_264.wav,0.108192004,875.6305748384898,7.8245735e-05,1930.1491123568317,0.008492866304637527,0.14247829,3.6,17.411214953271028
segment_502.wav,0.17195784,1040.0414902411255,0.00015031587,2107.461116397744,0.011145097614605543,0.22444637,3.8,16.47787610619469
segment_072.wav,0.01769577,1316.1807897312915,0.00014349635,2225.6127325439857,0.019293356043443496,0.02237783,1.2333333333333334,50.083333333333336
segment_066.wav,0.15422781,935.128169287455,9.236078e-05,2019.7630430603822,0.008210464835421108,0.20438974,2.566666666666667,23.960526315789473
segment_099.wav,0.08817892,992.0197727375221,0.0001042921,1899.2145767334944,0.015110430686966951,0.115608506,6.533333333333333,9.543589743589743
segment_106.wav,0.0502993,1868.5388505073363,0.00015797677,2102.7938221020486,0.05796361732076226,0.06320717,4.033333333333333,15.191666666666666
segment_112.wav,0.07016705,1181.989991997875,7.391646e-05,1662.6733645504416,0.03478457322761194,0.08966557,4.433333333333334,14.037878787878787
segment_338.wav,0.02680255,1471.179284339665,0.00022900118,2244.9724399013294,0.029940542127531982,0.03389819,1.8666666666666667,31.563636363636363
segment_462.wav,0.09821585,1071.5741081974024,0.00014499367,2166.8660670064055,0.010847600029984009,0.12896919,2.1666666666666665,28.71875
segment_304.wav,0.032603007,1995.3299068545437,0.0004212072,2264.1762357470043,0.0691402085554371,0.041780867,4.033333333333333,15.558333333333334
segment_310.wav,0.020333607,1460.0403920511114,0.00024049247,2237.5905000590687,0.028366902235474414,0.0262651,2.8666666666666667,21.870588235294118
segment_476.wav,0.077220574,1705.0107189758542,0.00025797318,2238.2791694523858,0.04347446986607143,0.09869535,4.066666666666666,15.355371900826446
segment_489.wav,0.16656731,1052.152326878976,0.00015831715,2139.5995037191037,0.010846038362873135,0.21802732,9.833333333333334,6.3231292517006805
segment_488.wav,0.11437459,1059.2594786562115,0.00014233815,2139.328109434428,0.010738283332222815,0.15020457,5.266666666666667,11.859872611464969
segment_311.wav,0.0718237,1372.6221406524,0.0001975114,2186.2847174921653,0.0240751807369403,0.09360588,3.433333333333333,18.19607843137255
segment_477.wav,0.03537263,1711.1022683097613,0.00035046221,2322.5939098179047,0.040368053704690834,0.045426507,3.1666666666666665,19.53191489361702
segment_463.wav,0.1478037,1184.148727245395,0.00019809765,2276.21346616788,0.01174061333955224,0.1938037,4.766666666666667,13.183098591549296
segment_305.wav,0.037041325,1657.711268578381,0.0002549167,2240.897512733822,0.043067395305836885,0.04726894,3.8,16.36283185840708
segment_339.wav,0.042825133,1243.2069178138129,0.00019240941,2227.5217361649648,0.016614316114738806,0.055325124,2.4,21.04225352112676
segment_113.wav,0.053464074,1202.570587671824,0.00010404105,1695.3833972752054,0.0344386639625533,0.06809392,4.033333333333333,15.566666666666666
segment_107.wav,0.039014496,1466.920143295793,0.000132011,2038.367661651275,0.036524790944829424,0.048839156,2.1333333333333333,29.365079365079364
segment_098.wav,0.10637977,933.5686769328973,0.00010251595,1887.5076680712814,0.013010248700692964,0.13859291,8.8,7.114068441064639
segment_067.wav,0.100903,855.4683431784199,8.3339975e-05,1927.1194089773473,0.008158669542910448,0.13380334,5.766666666666667,10.80813953488372
segment_073.wav,0.07703481,1011.5253795004899,0.000100227146,2031.4721649611456,0.010969670342484009,0.10194665,1.2333333333333334,45.861111111111114
segment_265.wav,0.11367627,867.5497897868695,7.440383e-05,1921.7018379633714,0.008788281666444563,0.14897119,2.966666666666667,20.647727272727273
segment_503.wav,0.150499,1180.7347599594448,0.00018588713,2190.667161183832,0.015279351012793176,0.19603428,3.933333333333333,15.461538461538462
segment_517.wav,0.081749335,1165.2837493337458,0.00015171555,2016.2840420065102,0.02167255588686034,0.10733298,1.4666666666666666,42.41860465116279
segment_271.wav,0.11337476,878.2863655489743,9.356604e-05,1898.7667578658568,0.009494415478411514,0.14827132,2.7666666666666666,21.085365853658537
segment_259.wav,0.08620867,953.4600521733238,0.000105867955,2021.3215158492767,0.009353605160581023,0.11310998,3.3,18.846938775510203
segment_529.wav,0.020704512,1208.2476765902516,0.0001805262,2094.5111860706775,0.020523949726812367,0.026320208,1.3,48.28947368421053
segment_501.wav,0.13720141,1027.5984294509528,0.00013176964,2079.221461806048,0.010737242220815565,0.18057567,4.433333333333334,14.06060606060606
segment_267.wav,0.15537713,1091.1740063800537,0.00014906637,2144.775362634399,0.012019110640991471,0.20353572,3.966666666666667,15.864406779661017
segment_273.wav,0.06396567,1012.7575699535823,0.00013632736,2077.2553899899644,0.010655775253198295,0.083870165,5.2,11.935483870967742
segment_515.wav,0.11394431,957.7767018099544,9.794892e-05,1944.9606107094703,0.01203004231076759,0.14923413,1.7333333333333334,36.31372549019608
segment_298.wav,0.15883368,1142.9344241009317,0.00018847144,2224.210497842597,0.011778613905916844,0.20787622,6.2,10.037837837837838
segment_059.wav,0.101022795,937.6608633406146,9.703284e-05,1973.769086853269,0.009536059934701493,0.13369925,1.5333333333333334,40.111111111111114
segment_065.wav,0.092481226,973.92559234759,9.504728e-05,2018.1041945998036,0.009826530017324094,0.12186354,1.5666666666666667,37.08695652173913
segment_071.wav,0.042718094,1181.5882419106028,0.000118772106,2102.1204746049043,0.018975296508528784,0.055563178,0.8333333333333334,36.25
segment_139.wav,0.061278466,1597.287711624953,0.00011577956,1985.4607250693134,0.04514727561966951,0.07686723,2.966666666666667,21.056818181818183
segment_111.wav,0.064164296,1320.7019491063963,0.00010831627,1903.313359659357,0.03250375841218017,0.08211863,4.733333333333333,12.73049645390071
segment_105.wav,0.03639226,913.4269827798263,9.5801806e-05,1902.5850304815879,0.010977738955890192,0.047651242,0.8666666666666667,71.28
segment_449.wav,0.05858537,1109.9465524280943,0.00017885037,2189.9462272166706,0.011547226895655651,0.07638436,3.033333333333333,20.533333333333335
segment_475.wav,0.06073479,1453.8484487351006,0.00024156185,2222.4148826864393,0.029754703741337953,0.078067556,2.066666666666667,23.983606557377048
segment_313.wav,0.05716017,1934.9647028347076,0.00040607,2315.135400836641,0.058785835054637525,0.07273537,4.266666666666667,14.692913385826772
segment_307.wav,0.09501781,1175.831406545676,0.00013915823,2076.5017681311356,0.017556521938299572,0.12496806,3.3666666666666667,17.33
segment_461.wav,0.034422334,1075.1184224782328,0.00014230247,2120.6160693336433,0.012113070945495736,0.044535328,1.0,37.37931034482759
segment_306.wav,0.0177213,1455.2344148820341,0.00023834714,2236.792918583691,0.025030660730943496,0.02256753,2.2,27.476923076923075
segment_460.wav,0.11221819,1171.2621204914467,0.00019548296,2253.854608253288,0.012407965751599147,0.14680147,3.966666666666667,15.838983050847459
segment_474.wav,0.085641704,979.8652272180336,0.00011100029,2024.9793441957484,0.010263276252665245,0.11217563,2.7666666666666666,22.78048780487805
segment_312.wav,0.037302822,1590.379952856545,0.00024782936,2303.794677468402,0.0308332951592484,0.04831268,3.1,20.0
segment_448.wav,0.07066256,1018.1557896603911,0.00011751982,2083.636598253082,0.011048534531583156,0.09314495,1.4666666666666666,41.23255813953488
segment_104.wav,0.04718678,861.5290975164836,8.36315e-05,1772.7439842947324,0.012091728161647122,0.06177194,4.466666666666667,14.045112781954888
segment_110.wav,0.060576424,1219.6622397568322,0.00012019753,1914.939166367325,0.026807317347414712,0.07800487,3.5,17.932692307692307
segment_138.wav,0.06536881,1030.1490037612848,0.00011048431,1929.4526868574428,0.014698410847547975,0.084932245,1.8666666666666667,32.43636363636364
segment_070.wav,0.0257624,1124.1430831813184,0.00012461613,2112.5164147705264,0.014043291494536248,0.03418896,0.6333333333333333,59.833333333333336
segment_064.wav,0.17748542,952.2364529295132,0.000111246845,2030.2208324523424,0.009141738989205757,0.23318729,6.866666666666666,9.073170731707316
segment_058.wav,0.12564516,879.7760307514823,8.489576e-05,1949.5450197790854,0.008289849580223881,0.16655187,3.1666666666666665,19.80851063829787
segment_299.wav,0.09496075,964.8410822038616,0.00012229872,2028.6364032133395,0.010553486057436034,0.12481072,6.066666666666666,10.303867403314918
segment_272.wav,0.097375214,952.8956944351527,0.00010625891,1971.2799577991348,0.010812983075692964,0.12811956,2.3333333333333335,26.768115942028984
segment_514.wav,0.035485964,1329.2232474769567,0.00015917084,2173.7448513922745,0.023256346615138593,0.045799848,1.9333333333333333,31.49122807017544
segment_500.wav,0.16790885,1067.3505953032839,0.00013934053,2126.1518811552705,0.011076644539578892,0.22044434,3.6666666666666665,17.128440366972477
segment_266.wav,0.10684514,969.4010087864241,0.000101905054,1974.414185150441,0.011748161397254797,0.13941745,2.8333333333333335,22.19047619047619
segment_528.wav,0.10691036,1089.629665144806,0.00012748016,2078.6031977897796,0.014965195645655651,0.13783059,3.7333333333333334,16.2972972972973
segment_262.wav,0.10070886,906.3033541394832,0.00011112691,1946.325574253526,0.010620637743203624,0.1306425,4.366666666666666,14.330769230769231
segment_504.wav,0.06982356,1193.1459163577413,0.00018542948,2137.026040134934,0.0179885831723081,0.09096031,1.7,34.32
segment_510.wav,0.063980564,1238.9406705949666,0.00019217597,2130.5653880558684,0.020744925623001065,0.0831251,1.3,35.71052631578947
segment_276.wav,0.15074337,984.7136529937982,0.00011753064,2038.1035106031388,0.010480608258928572,0.19771096,4.166666666666667,15.03225806451613
segment_538.wav,0.06454527,1000.1385203136376,0.00013474046,2051.347547174944,0.010160726779051173,0.08479319,2.4,26.295774647887324
segment_289.wav,0.14142604,1044.6972362128754,0.00011446139,2083.8597273864616,0.012012863972547975,0.18480615,3.933333333333333,14.863247863247864
segment_060.wav,0.06540701,922.4119287156946,9.708689e-05,1984.4166662576192,0.009954066164712153,0.08564125,3.4,18.138613861386137
segment_074.wav,0.028068291,923.0644221229676,6.948506e-05,1853.1152451377327,0.011052698977212153,0.03706711,1.1666666666666667,52.76470588235294
segment_048.wav,0.035548456,1143.0050176787693,0.00012495904,2024.119572458158,0.018951871501865673,0.04490236,2.0,31.28813559322034
segment_114.wav,0.05915587,1162.8365038174936,7.296193e-05,1664.1963928182784,0.03303498550772921,0.074878,4.533333333333333,13.822222222222223
segment_100.wav,0.12782922,971.7004218324103,0.0001085636,1924.4153117568014,0.014142977911780383,0.16659416,9.6,6.505226480836237
segment_128.wav,0.075297534,1036.1955936168004,8.521741e-05,1723.286057019074,0.023457541394589554,0.0967715,5.2,11.987096774193548
segment_316.wav,0.015712127,1311.2861617390397,0.00020490105,2198.0781041309283,0.01985685759261727,0.020002505,2.1333333333333333,28.793650793650794
segment_470.wav,0.09503221,1190.4229314442334,0.00016513848,2191.722933759679,0.01569215168576759,0.12462315,1.8333333333333333,33.96296296296296
segment_464.wav,0.05834668,1096.680204277184,0.00015995184,2191.058618883652,0.010658898587420043,0.07663579,3.9,16.04310344827586
segment_302.wav,0.034044195,1076.001359886702,0.00017409865,2150.874018914146,0.011489445212553306,0.04477787,3.066666666666667,20.494505494505493
segment_458.wav,0.08234036,999.8993404089739,0.0001246677,2097.898240637612,0.009586033282249468,0.10804226,2.466666666666667,25.438356164383563
segment_459.wav,0.07526811,1076.3095725312498,0.00014384795,2147.6307028125093,0.011466020205890192,0.09873064,4.366666666666666,14.361538461538462
segment_465.wav,0.071061544,1305.5013676817218,0.00019947295,2259.122285963332,0.01882641757729211,0.092020646,3.0,20.55056179775281
segment_303.wav,0.035840105,1237.5154189817724,0.00014134096,2144.493321136752,0.018341519939365673,0.046522312,2.066666666666667,30.639344262295083
segment_317.wav,0.13746533,1440.8277229345827,0.0002442038,2262.2126544738053,0.024672258128997867,0.1787463,3.3666666666666667,17.17
segment_471.wav,0.09522197,1141.083627202436,0.00015847992,2188.4124325241405,0.011834573644056504,0.12530275,2.8333333333333335,22.107142857142858
segment_129.wav,0.055083886,1100.3214671235082,8.988739e-05,1815.3042481714494,0.02382245094283049,0.07074892,4.933333333333334,12.639455782312925
segment_101.wav,0.16898404,978.2013150227732,0.00012074011,1946.160503760376,0.0138191922641258,0.22003575,9.8,6.382252559726963
segment_115.wav,0.039722763,1257.2389139946577,8.9622874e-05,1791.7802406138032,0.032259878065031986,0.0496076,2.1666666666666665,28.96875
segment_049.wav,0.035307374,991.0936338686129,8.4885396e-05,1921.6517635235982,0.013375939082489338,0.046462234,4.566666666666666,13.764705882352942
segment_075.wav,0.0385786,1002.7740942388346,0.000101235826,1988.2868393553326,0.011435567697228146,0.050273113,4.133333333333334,15.203252032520325
segment_061.wav,0.03980882,870.8073610175686,8.403972e-05,1888.678046082782,0.009120656483208955,0.052395456,2.2,28.4
segment_288.wav,0.08281018,987.9352464988241,0.00011753008,2045.3213969051367,0.009935846715085288,0.10841618,3.5,17.778846153846153
segment_539.wav,0.012909389,1522.4893848718611,0.00030460343,2217.898159066122,0.03740348897254797,0.016192641,2.3,16.308823529411764
segment_511.wav,0.060448553,1024.5261112213416,0.00013422892,2075.960435392915,0.010749475279850746,0.07923067,1.9,32.67857142857143
segment_277.wav,0.14189184,1031.3530102511224,0.00014185373,2092.9225557798563,0.011674242487340085,0.18503432,0.23333333333333334,290.5
segment_263.wav,0.07102062,928.5016689248881,0.000115496834,1992.7917304250534,0.009725021655117272,0.09339563,3.2666666666666666,18.649484536082475
segment_505.wav,0.11643306,1030.4706991574897,0.00012715423,2069.024292177136,0.011246345698960554,0.1535845,4.166666666666667,15.080645161290322
segment_275.wav,0.05830336,960.8921080548605,0.00010384841,2016.8411078545785,0.009530073544109808,0.076673366,2.2,27.307692307692307
segment_513.wav,0.021641908,1358.6966716817928,0.000189239,2224.906593208987,0.02099271013792644,0.027998721,3.566666666666667,17.5188679245283
segment_507.wav,0.077385694,1088.8699426989733,0.00014474853,2147.953250950558,0.011963671458555437,0.101631835,6.666666666666667,9.371859296482413
segment_261.wav,0.10726358,908.9209952602179,0.00010896239,1979.5190237795812,0.008599319946028784,0.14066565,6.966666666666667,8.942307692307692
segment_249.wav,0.116334066,1229.747600804279,0.0002184877,2271.834293723876,0.014118772071561835,0.15208364,1.6,37.744680851063826
segment_077.wav,0.047319554,1016.8028167164738,0.000102049846,1998.362246283627,0.01386317922108209,0.062399548,1.1666666666666667,54.61764705882353
segment_063.wav,0.040805403,973.9265738439854,0.000113574824,1991.2023532823353,0.00966567830490405,0.053618763,2.566666666666667,23.789473684210527
segment_088.wav,0.088641,1024.8582082225337,9.556836e-05,1929.7401412141312,0.016203077108875266,0.11523365,0.6,109.82352941176471
segment_103.wav,0.0769155,874.8785211173982,8.2139086e-05,1777.900120945858,0.01355969524586887,0.09993357,8.066666666666666,7.717842323651452
segment_117.wav,0.039926853,1472.0644934274017,0.0001296629,1960.3838660813587,0.042841994686167374,0.050141077,3.566666666666667,17.58490566037736
segment_301.wav,0.077537715,950.8459413451285,0.00011728307,2022.844561304453,0.009599047174840085,0.101655036,3.4,18.07920792079208
segment_467.wav,0.2079926,1065.1875425710587,0.0001272395,2136.913626051558,0.011553473564099147,0.26992017,6.033333333333333,10.366666666666667
segment_473.wav,0.09895342,1153.8555392318237,0.0001753807,2211.6483470466237,0.013050331489872068,0.12887195,3.6333333333333333,17.185185185185187
segment_315.wav,0.092568845,1239.195391244053,0.00017992755,2154.290055578926,0.01840294551239339,0.12183505,4.166666666666667,14.790322580645162
segment_329.wav,0.13303721,982.7710721926902,0.00012360595,1996.185621794603,0.011559459954690831,0.17358772,3.7333333333333334,16.64864864864865
segment_498.wav,0.10104937,1122.6038094751796,0.000157397,2135.6697384215263,0.013821534764792111,0.13206358,1.4333333333333333,44.57142857142857
segment_499.wav,0.05175022,1076.1181507527726,0.00014549706,2095.5051471656693,0.01245559659848081,0.067550905,1.8,35.0188679245283
segment_328.wav,0.08838351,1039.8299712233127,0.0001265885,2080.520525055552,0.011815313083022388,0.115768,2.4,26.35211267605634
segment_472.wav,0.21856624,1187.726758885979,0.0002048391,2220.224333320664,0.013587024420309169,0.28565192,1.3,44.71052631578947
segment_314.wav,0.04149534,1383.3037926292436,0.0002257131,2246.667765193166,0.022487746118736673,0.053745955,3.466666666666667,18.12621359223301
segment_300.wav,0.17207769,1046.3986328418907,0.00015816718,2128.75514825916,0.011371279067830491,0.22569032,5.933333333333334,10.559322033898304
segment_466.wav,0.17102802,848.1250383158699,7.3068746e-05,1887.8584018406737,0.010497266041444563,0.22001912,5.5,11.378048780487806
segment_116.wav,0.02978245,1592.5141869791235,0.00020031037,2131.231415655235,0.039998719432969086,0.03747125,3.2333333333333334,19.458333333333332
segment_102.wav,0.08305559,947.5986339561134,0.00011797793,1957.7978570373189,0.0109399986673774,0.108959824,10.133333333333333,6.1650165016501655
segment_089.wav,0.030746855,968.7518591711867,9.309949e-05,1903.5791108306444,0.013539133295575692,0.039715648,0.4666666666666667,129.84615384615384
segment_062.wav,0.02904967,902.5592982466263,8.702064e-05,1949.3149124516124,0.008773185551039446,0.03857116,1.0666666666666667,53.54838709677419
segment_076.wav,0.066098034,1121.6249472781772,0.00010788331,2106.3200748797335,0.013366829357675906,0.08690922,1.1,55.25
segment_248.wav,0.12674858,1151.1723270992538,0.000181758,2211.099724143175,0.012733052788512793,0.16615188,5.633333333333334,11.107142857142858
segment_506.wav,0.1932415,1034.0319396912917,0.00013020371,2091.616067352458,0.011088357042910448,0.25343272,2.1,29.983870967741936
segment_260.wav,0.14419942,972.4711345906438,0.00011370446,2052.4993915708155,0.010216946795042644,0.18919036,3.7666666666666666,16.678571428571427
segment_274.wav,0.17600226,1165.4802275616455,0.0001646985,2196.3323859574975,0.014069579557569297,0.22973134,3.533333333333333,17.495238095238093
segment_512.wav,0.0373571,1249.0362620708322,0.00017248794,2135.606266806253,0.020346700509728144,0.049057122,1.1333333333333333,54.515151515151516
segment_549.wav,0.05044145,1677.636400050231,0.00022683539,2144.552640134056,0.04579198385860874,0.06408213,3.433333333333333,18.098039215686274
segment_213.wav,0.0470335,1751.7153415118805,0.000339939,2284.2049874049244,0.04763787438366205,0.058880795,3.2666666666666666,19.278350515463917
segment_575.wav,0.04990249,1176.3953393195525,0.0002036902,2217.591369691528,0.014075826226012793,0.065235145,0.6333333333333333,102.83333333333333
segment_561.wav,0.038324215,1378.6326030513815,0.0002257486,2191.971927489529,0.029417123367537313,0.048719108,1.2666666666666666,12.783783783783784
segment_207.wav,0.058677007,2062.906871364794,0.0004279087,2363.0375745093015,0.0650067359908049,0.07308191,4.666666666666667,13.359712230215827
segment_039.wav,0.12784241,931.7585870409683,0.000103451806,1879.3798972905277,0.013871247834488273,0.16643927,1.9333333333333333,32.526315789473685
segment_011.wav,0.04626665,1235.530666235198,0.00011611312,1816.795627219041,0.0314730581190032,0.058767635,3.4,18.386138613861387
segment_005.wav,0.025881952,1124.6255047148102,0.00014006489,2143.4282153215913,0.013933454241071428,0.03358252,2.3,26.323529411764707
segment_159.wav,0.046977255,1595.5428098851578,0.00029197035,2195.6212899317884,0.04285474830090618,0.05925748,2.8333333333333335,21.083333333333332
segment_603.wav,0.073421314,1047.618857375137,0.0001357575,2112.2165484087345,0.011206783465485074,0.096682526,0.4666666666666667,118.53846153846153
segment_165.wav,0.049375564,1485.269519030656,0.00024081692,2267.8974673859143,0.03081767848813966,0.0632548,3.4,17.475247524752476
segment_171.wav,0.037128855,1133.8845582849838,0.0001285974,2026.6823834757386,0.017944856493203626,0.048175983,1.8666666666666667,33.2
segment_617.wav,0.13746075,1166.7779167417873,0.0002113276,2240.7445601860964,0.012946220349147122,0.17905347,0.7333333333333333,88.33333333333333
segment_429.wav,0.08796225,1065.723212598455,0.00015242942,2158.519020206596,0.010475142424040513,0.11522795,1.7333333333333334,36.490196078431374
segment_367.wav,0.17879502,1051.3185133127647,0.00015440484,2161.2426996996433,0.01037701767390725,0.23620707,9.133333333333333,6.798534798534798
segment_401.wav,0.13881785,983.8736232805676,0.00012605434,2088.2773197202464,0.008928311150719617,0.18264946,8.5,7.330708661417323
segment_415.wav,0.12635101,1002.0961425840977,0.00011984058,2121.3563632973687,0.00916958871934968,0.1659731,8.066666666666666,7.738589211618257
segment_373.wav,0.07647676,1074.5079418432167,0.00017400534,2150.9945084977794,0.011863464485607676,0.10008898,3.7666666666666666,16.705357142857142
segment_398.wav,0.16047925,1058.3631212948933,0.00017205364,2146.882596128859,0.01149543160314499,0.20857123,1.9333333333333333,31.157894736842106
segment_399.wav,0.21546997,1104.2992817696872,0.00019323219,2184.9326703990178,0.012303334055170576,0.28073874,7.2,8.683720930232559
segment_414.wav,0.07275157,1002.3932341041256,0.00013830003,2091.047113788624,0.009937148104344349,0.09506571,5.9,10.522727272727273
segment_372.wav,0.13213077,1103.687071005434,0.00019001731,2201.566255791345,0.011384813516124734,0.17302513,12.033333333333333,5.194444444444445
segment_366.wav,0.075318344,990.2827704274307,0.00013168769,2093.5749878227607,0.009868695029317698,0.098639846,7.9,7.906779661016949
segment_400.wav,0.21366784,1056.047434172994,0.00016525423,2139.480283728724,0.01097982117870469,0.28061348,5.8,10.670520231213873
segment_428.wav,0.094077535,1037.9884552508577,0.00014782257,2122.5066575296137,0.009937928937899786,0.12440981,1.7,36.38
segment_170.wav,0.0537298,1118.544517261433,0.00013537155,2090.8778628505793,0.01473745252531983,0.07064226,1.6,39.61702127659574
segment_616.wav,0.03470103,1190.4585224478722,0.0001826725,2172.4592001524506,0.016189282382729212,0.04498587,0.9,67.15384615384616
segment_602.wav,0.04556771,2068.764515153951,0.00032939718,2304.0931375976393,0.0654466055603678,0.05590725,4.366666666666666,10.923076923076923
segment_164.wav,0.07494024,1241.243763552213,0.0001545996,2185.472111384599,0.018526577492004266,0.09714908,5.7,10.905882352941177
segment_158.wav,0.037394557,1164.5196641250898,0.00018074187,2103.0049875963996,0.01903203708022388,0.0484944,1.0333333333333334,36.166666666666664
segment_004.wav,0.10919552,1157.736600600037,0.00013380323,2183.095778223937,0.014558121085421108,0.14245246,2.2333333333333334,28.181818181818183
segment_010.wav,0.07000447,1108.0280027888161,0.000110885965,1997.783162435841,0.016595315831556504,0.09113435,3.466666666666667,18.174757281553397
segment_038.wav,0.017261729,1173.333359036035,0.00018462351,2035.127144203802,0.021460429437633263,0.021901859,1.0,62.6551724137931
segment_560.wav,0.056277595,1915.5156443547585,0.0003205454,2221.8527714389975,0.061079663762659914,0.06980947,4.033333333333333,15.591666666666667
segment_206.wav,0.010911656,1584.8994154531022,0.00039024386,2323.944242452211,0.03517004472614606,0.013789615,1.9,32.732142857142854
segment_212.wav,0.065558895,1245.6279004250084,0.00020333445,2257.261545823433,0.016587767773853946,0.08548539,1.2666666666666666,49.67567567567568
segment_574.wav,0.039742067,1383.6195574988938,0.00023111788,2229.992051373174,0.02741194279717484,0.050877128,1.7333333333333334,29.07843137254902
segment_548.wav,0.05711671,1941.3832726978308,0.0002990798,2215.8096744556865,0.06216241962619936,0.07159647,4.333333333333333,11.7984496124031
segment_238.wav,0.11690536,985.440159512462,0.00012350708,2031.2405400800942,0.011066753981210022,0.15309109,4.0,15.53781512605042
segment_204.wav,0.046982154,1708.1422432889767,0.0003426537,2349.647566338007,0.042225917010927504,0.059112385,2.1666666666666665,21.640625
segment_562.wav,0.028132996,1539.6768492007316,0.00026809756,2194.453332675402,0.0371242108375533,0.035543006,2.2,26.415384615384614
segment_576.wav,0.04127996,1283.2072848311545,0.00022234896,2217.9031054697143,0.021317016341284648,0.053072587,1.2666666666666666,50.13513513513514
segment_210.wav,0.0213671,1291.2825925775378,0.00022569155,2218.786288206367,0.020756117570628996,0.027695868,0.8333333333333334,74.83333333333333
segment_589.wav,0.035018127,1905.0500673251436,0.0003672056,2323.4357970600677,0.054060230377132194,0.043571312,3.533333333333333,17.6
segment_006.wav,0.0572344,1295.4964200644474,0.00015377718,2165.255009617804,0.01981469258062367,0.07419923,2.966666666666667,19.704545454545453
segment_012.wav,0.07880088,1226.5465636413865,7.161359e-05,1740.6182973495727,0.03523147029917378,0.09916913,5.0,12.456375838926174
segment_628.wav,0.021153219,1062.9575519102464,0.00016018342,2089.3671011759266,0.011722914445628998,0.027310943,0.7,92.0
segment_614.wav,0.045698285,1748.6713418838854,0.00031364482,2246.8747358452047,0.050826798624067165,0.056737915,3.066666666666667,20.52747252747253
segment_172.wav,0.019228084,1074.1025473650197,0.00011713595,2101.7569482960107,0.012707805836886993,0.02536754,4.766666666666667,13.04225352112676
segment_166.wav,0.043429084,1036.6962239929737,0.00013199534,2019.652667088223,0.014237458771988273,0.057006713,1.8333333333333333,34.25925925925926
segment_600.wav,0.073205374,1158.5704769965796,0.00019204139,2208.80547177306,0.013204155700293176,0.09511113,1.0666666666666667,59.903225806451616
segment_199.wav,0.06566344,1197.8845570550336,0.00017411563,2177.6970825155718,0.016720509478278252,0.085394785,1.5333333333333334,36.022222222222226
segment_358.wav,0.0796734,867.6182725516046,9.395027e-05,1957.750908533858,0.008013434501599147,0.104677856,12.4,5.026954177897574
segment_370.wav,0.16920617,1039.0843551993935,0.000157756,2122.5672392198544,0.010784612789845415,0.22242086,11.733333333333333,5.327635327635328
segment_416.wav,0.15290253,973.8010175001772,0.00011973609,2089.433469059255,0.008474386577158849,0.20210524,9.8,6.389078498293515
segment_402.wav,0.12665613,1032.1260486812314,0.00014445404,2143.64520141653,0.009684418310234541,0.16611105,8.433333333333334,7.416666666666667
segment_364.wav,0.09624128,1001.6755750593048,0.00013363863,2115.867454947802,0.009226849846748401,0.12730417,12.0,5.194986072423398
segment_403.wav,0.15494585,1021.705768762988,0.00014907804,2120.96378438894,0.01082573669043177,0.20274045,11.833333333333334,5.2740112994350286
segment_365.wav,0.14318958,1064.433953532095,0.00017297469,2154.3915615186334,0.011408759078491471,0.18729962,11.8,5.291784702549575
segment_371.wav,0.16487966,1085.4795242705952,0.00017072448,2181.9853274932443,0.010564938282915779,0.21665724,7.7,8.130434782608695
segment_417.wav,0.082007535,1030.776139881285,0.00013987113,2142.729132819591,0.00926953541444563,0.10779786,6.933333333333334,9.014492753623188
segment_359.wav,0.11694433,891.4098299919655,9.6927375e-05,1996.1335046555469,0.008662827741871002,0.15339105,8.7,7.153846153846154
segment_198.wav,0.051656794,1292.9987019363543,0.00020667279,2279.665768294945,0.016965951492537313,0.06689906,1.5,41.72727272727273
segment_167.wav,0.028596299,1292.5369536900928,0.00020171232,2033.3815166223014,0.029200572194829424,0.037266664,2.566666666666667,23.657894736842106
segment_601.wav,0.19583637,1112.64816646584,0.00018435177,2211.6372411912007,0.012051645372468016,0.25618267,0.4,160.45454545454547
segment_615.wav,0.041170284,1878.751610943165,0.00032744234,2304.597078829408,0.05444075659648188,0.051305663,3.6,13.83177570093458
segment_173.wav,0.05939611,961.5534779033582,0.00011814254,2044.0775413956883,0.009706541927638593,0.07777242,7.366666666666666,8.477272727272727
segment_629.wav,0.055804722,1334.7686947176826,0.00020488277,2212.13918779504,0.022175933252265457,0.072523616,2.0,28.677966101694917
segment_013.wav,0.06659675,1328.0626772338655,9.70994e-05,1904.6002783330148,0.034646365688299575,0.08443348,4.366666666666666,14.246153846153845
segment_007.wav,0.08593442,1021.4976364699776,0.00012446298,1945.1808117848025,0.015866017290778252,0.11101156,4.3,14.5390625
segment_588.wav,0.023056105,1756.4195814037732,0.00034369505,2263.2428451867354,0.048461393506796374,0.028922467,2.933333333333333,21.436781609195403
segment_577.wav,0.041011557,2272.3051752433553,0.00042761586,2320.820164163276,0.08229543201958955,0.049296137,4.7,13.085714285714285
segment_211.wav,0.037755925,1149.954512941464,0.00018153005,2163.7176798194087,0.013730697794509595,0.049456593,0.9,70.42307692307692
segment_205.wav,0.04908202,2095.0224908793152,0.0004450703,2363.377862731583,0.06751295142590619,0.060713902,4.533333333333333,13.822222222222223
segment_563.wav,0.011719968,1092.9764339704852,0.00020055167,2129.0742740997403,0.01263388692697228,0.015074504,0.4666666666666667,93.53846153846153
segment_239.wav,0.14477569,1031.809738505599,0.00012589898,2083.55100744856,0.011627132196162047,0.18962146,5.5,11.286585365853659
segment_567.wav,0.0705543,1111.6979152335723,0.0001527308,2047.8145357733947,0.018032049573560766,0.09158447,1.3333333333333333,47.84615384615385
segment_201.wav,0.05548662,1996.86977476858,0.00032862424,2302.7070208410432,0.060851139808768655,0.06979346,4.066666666666666,12.487603305785123
segment_215.wav,0.025086388,1423.1526689726809,0.00022956033,2189.2047354862907,0.02667717842150853,0.032282975,1.3,42.921052631578945
segment_573.wav,0.15116467,1078.1946155044463,0.0001688813,2177.673831363878,0.010626363855943496,0.19871752,7.9,7.864406779661017
segment_229.wav,0.06612006,1103.6278774442244,0.00015704543,2156.6790885500427,0.012535501898987207,0.08646721,2.0,31.593220338983052
segment_598.wav,0.15708654,1113.4732818799253,0.0001846172,2192.6590798131037,0.011814532249466951,0.20535095,1.0,63.37931034482759
segment_003.wav,0.12435149,934.9903389708962,0.00010161556,2022.5268938196903,0.00907927230477079,0.1647598,1.2333333333333334,50.27777777777778
segment_017.wav,0.12575838,966.6057401657532,0.00011940898,1986.6908181255303,0.011598241354610874,0.16537765,1.9666666666666666,32.13793103448276
segment_177.wav,0.026608448,1114.1248690209134,0.00010947409,2027.3732504861064,0.016287407132862475,0.034819454,1.1,52.875
segment_611.wav,0.04274004,2125.9377666674295,0.00042325575,2322.3128029185264,0.07042962503331557,0.051725693,4.433333333333334,13.5
segment_605.wav,0.078187115,1075.4008735184777,0.00016762412,2162.126490759519,0.01139990963152985,0.10211246,4.766666666666667,13.070422535211268
segment_163.wav,0.098057024,1040.4513728239965,0.00013037655,2073.650959182857,0.01167268082022921,0.12816893,6.533333333333333,9.584615384615384
segment_639.wav,0.021571606,1296.8483813250873,0.00016951749,2251.707879564264,0.017643454740804903,0.028970754,0.3333333333333333,100.22222222222223
segment_188.wav,0.08950046,1145.2974160599745,0.00015083177,2169.170222660479,0.013266622384728146,0.117250584,1.7333333333333334,36.0
segment_413.wav,0.11238785,1005.2469459241281,0.00013864099,2100.981740037039,0.00935985182902452,0.14804433,9.433333333333334,6.588652482269503
segment_375.wav,0.07892431,1049.81694669503,0.00015172287,2155.0238809269604,0.010225796242004264,0.10378811,10.3,6.058441558441558
segment_361.wav,0.11518831,1046.0290018814815,0.00015673747,2150.2549742079605,0.011042027585287847,0.15014012,11.7,5.3428571428571425
segment_407.wav,0.07927996,911.8068595809573,0.00010420087,2004.9602844941312,0.008985312000266525,0.103864565,9.466666666666667,6.579505300353357
segment_349.wav,0.074138895,1152.021553383759,0.00018045398,2163.4356027969807,0.013704670009328358,0.097306326,1.0333333333333334,51.5
segment_348.wav,0.10662769,1157.8649520416395,0.0001902402,2194.8521358494454,0.013469378831289978,0.13916723,1.7333333333333334,34.568627450980394
segment_360.wav,0.19936925,1089.7434327029687,0.00017974156,2187.2839452200355,0.011460554371002133,0.2609066,12.0,5.2144846796657385
segment_406.wav,0.10520178,962.24306700156,0.00012530034,2053.222679378811,0.009679733308901919,0.13770409,11.666666666666666,5.358166189111748
segment_412.wav,0.15400162,978.0448150289536,0.00012374547,2082.031987890392,0.00934449543576759,0.20209916,9.733333333333333,6.419243986254296
segment_374.wav,0.13015556,937.9045683265743,0.00011664315,2039.780015600796,0.009149547324760128,0.17092505,10.8,5.7894736842105265
segment_189.wav,0.063283764,1619.8075959949092,0.0002634561,2235.076779710663,0.040608029884061835,0.08016935,3.3333333333333335,17.07070707070707
segment_638.wav,0.01982735,1349.5066503982712,0.00020272355,2209.756571400879,0.021393277751865673,0.025530417,1.1,56.75
segment_604.wav,0.13608088,1148.1408505007616,0.00020211708,2236.3459059232955,0.011958205623667378,0.17798911,0.43333333333333335,135.58333333333334
segment_162.wav,0.028103022,1055.7624749253314,0.00013418289,2084.253362734064,0.01324423848947228,0.036333583,4.333333333333333,14.37984496124031
segment_176.wav,0.02981413,1349.839374475985,0.00013094237,1988.243730525875,0.031056093000399788,0.038164064,2.466666666666667,25.095890410958905
segment_610.wav,0.04835769,1682.395484490647,0.00029169675,2290.4612073368453,0.04374724105477079,0.0601298,2.6,16.844155844155843
segment_016.wav,0.0326409,1170.869062093371,0.00014425628,2107.6285149922765,0.016745235874200428,0.04245735,3.7333333333333334,16.46846846846847
segment_002.wav,0.08521782,1448.6289541205697,0.00019428646,2362.662604396047,0.024007768773320896,0.110455185,4.233333333333333,13.34920634920635
segment_599.wav,0.040274292,1312.5289912985986,0.00023914107,2220.3643696615613,0.02078266591151386,0.05211132,0.8666666666666667,73.4
segment_228.wav,0.0706565,1094.628395795831,0.00014663157,2125.8535483370147,0.01233690989805437,0.092500225,3.2,19.589473684210525
segment_214.wav,0.058960807,2622.7655197521335,0.0005849849,2432.4727709831727,0.0989508720349147,0.071790606,6.9,9.067961165048544
segment_572.wav,0.026866535,1222.513211072668,0.00022861021,2170.29478509911,0.020189492687233475,0.03511541,0.8,37.869565217391305
segment_566.wav,0.050116297,1733.1425443436071,0.00027691704,2170.069431495842,0.05265733275586354,0.06286086,2.966666666666667,18.84090909090909
segment_200.wav,0.10257207,1019.099791224207,0.00013890723,2106.2382154412,0.010145370385794243,0.13496365,3.6666666666666665,16.660550458715598
segment_570.wav,0.032663032,1573.9820195705856,0.00026980264,2217.1851054093277,0.0403568617570629,0.04133543,2.066666666666667,17.57377049180328
segment_216.wav,0.16098961,1148.711969912429,0.0001922668,2210.765838535406,0.013247622101545842,0.21032658,4.7,13.085714285714285
segment_202.wav,0.06551118,2084.1685814744187,0.00036616492,2296.38090553833,0.06669724063832623,0.081124164,4.633333333333334,13.55072463768116
segment_564.wav,0.11270444,1149.7072282641006,0.00021213506,2206.8728687884854,0.013308527118869935,0.14744152,2.066666666666667,30.57377049180328
segment_558.wav,0.047515154,1296.0131845447747,0.00023339411,2168.8644903576856,0.023621776719083155,0.062046397,1.3,12.921052631578947
segment_014.wav,0.07961064,1090.1569136705273,9.453475e-05,2001.3959465346657,0.014313459904717484,0.10522127,3.6666666666666665,16.972477064220183
segment_000.wav,0.026692409,1643.5101042815409,0.00024622097,2266.6835362392035,0.03760156041777719,0.03232575,2.7,22.875
segment_028.wav,0.1565229,1212.0998332634788,0.00020258347,2286.2786378953347,0.011990740355143923,0.2070573,1.0333333333333334,58.13333333333333
segment_160.wav,0.041682784,1284.7578938322658,0.00023541754,2188.818647083192,0.022018725429770788,0.053736396,1.3666666666666667,45.825
segment_606.wav,0.061021525,1104.395389249141,0.00018408285,2193.8748272195066,0.011466020205890192,0.08001814,3.5,17.807692307692307
segment_612.wav,0.040998593,2034.7862118241087,0.00037464703,2315.473968801983,0.0669218604244403,0.049774874,4.033333333333333,9.8
segment_174.wav,0.027292797,1675.9680829243198,0.00026328006,2292.386320734711,0.03958904209421642,0.034610745,2.6333333333333333,23.923076923076923
segment_148.wav,0.022421181,1469.1580656720255,0.00023302811,2285.7694061463253,0.02798923907249467,0.028589578,2.2666666666666666,24.83582089552239
segment_404.wav,0.11272401,1019.7457135902828,0.00014529741,2123.6888523551406,0.010158644556236674,0.14736837,10.966666666666667,5.698170731707317
segment_362.wav,0.18969311,1065.9898593233413,0.00016089133,2161.723244689662,0.010816626965618336,0.24827236,9.366666666666667,6.642857142857143
segment_376.wav,0.0459292,901.5681724791149,0.0001130401,1975.596239876177,0.008759130547041577,0.06059299,0.8333333333333334,74.375
segment_410.wav,0.096681386,1049.6705820366494,0.00016574618,2146.20917619633,0.010774722231476545,0.12634891,10.566666666666666,5.89873417721519
segment_438.wav,0.0731425,1065.3191571753628,0.00013779794,2110.2333276526288,0.011816354194429637,0.095368855,4.033333333333333,15.416666666666666
segment_389.wav,0.08133059,1011.2468500208046,0.00015413154,2066.84299611305,0.011434526585820896,0.106567994,11.266666666666667,5.545994065281899
segment_388.wav,0.16482148,962.2999019331254,0.00013362519,2046.1601962166276,0.009282028751332622,0.21783832,11.966666666666667,5.212290502793296
segment_439.wav,0.072422616,1052.604464302386,0.00013253225,2083.473556402273,0.012431911313965885,0.0944825,2.0,31.28813559322034
segment_377.wav,0.119826294,1017.4105950259836,0.00013664571,2116.365385303353,0.009834338352878464,0.15750585,7.133333333333334,8.765258215962442
segment_411.wav,0.16668187,845.5366777781502,8.84296e-05,1858.4328878142828,0.009940791994269723,0.21880965,7.066666666666666,8.848341232227488
segment_405.wav,0.22253603,1048.9420392300365,0.0001507125,2151.1380492713224,0.010500909931369935,0.29143757,11.366666666666667,5.470588235294118
segment_363.wav,0.07766392,998.4198548955501,0.00013703755,2097.56546680586,0.009908257262793176,0.101726905,8.733333333333333,7.14176245210728
segment_149.wav,0.057914767,1156.9572318362734,0.00014556255,2171.8934718484707,0.014683575009994669,0.07574371,3.533333333333333,17.733333333333334
segment_613.wav,0.054396402,1529.1385769203011,0.00024146061,2245.92504667376,0.035171346115405115,0.06862633,2.2,28.692307692307693
segment_175.wav,0.039055083,1494.6774801539816,0.00014738753,2011.084653061408,0.03769526044442964,0.04948151,2.9,21.627906976744185
segment_161.wav,0.07850833,1163.8252009675932,0.00017878118,2163.514103278882,0.015813701442563968,0.10131181,4.033333333333333,15.516666666666667
segment_607.wav,0.02263663,1940.573312210021,0.00037040305,2295.909443800422,0.05809141374600213,0.02745323,3.2333333333333334,15.895833333333334
segment_029.wav,0.15093634,1231.9044008968506,0.00021265581,2303.5974664856612,0.012301512110207889,0.19847502,1.2,52.68571428571428
segment_001.wav,0.028553039,1047.2038079184977,0.00014144665,2109.173426123812,0.011113083438832622,0.03710073,1.3666666666666667,44.125
segment_015.wav,0.024709351,1253.6472164452014,0.00012356874,2144.4636968432874,0.018624441964285716,0.032333165,2.933333333333333,21.436781609195403
segment_559.wav,0.030412572,1653.5754936090418,0.0002868804,2246.6230713597793,0.04108590001998934,0.03811496,2.4,25.267605633802816
segment_203.wav,0.048380844,1240.6229840161284,0.00020545688,2218.7098024842276,0.01815438016391258,0.063098855,0.9666666666666667,63.214285714285715
segment_565.wav,0.045065045,1275.2400439535143,0.00022553244,2146.786129704327,0.023674613123001065,0.058048412,1.1333333333333333,50.57575757575758
segment_571.wav,0.058763232,1524.362709284454,0.00024837346,2215.640555390305,0.03629418476812367,0.074859016,2.0,30.610169491525422
segment_217.wav,0.16550002,1028.4550024650448,0.00011172265,2085.4984616382676,0.011135987889792111,0.21673912,1.9,32.57142857142857
